text,id,author,subreddit,link_id,parent_id,created_utc,rater_id,example_very_unclear,admiration,amusement,anger,annoyance,approval,caring,confusion,curiosity,desire,disappointment,disapproval,disgust,embarrassment,excitement,fear,gratitude,grief,joy,love,nervousness,optimism,pride,realization,relief,remorse,sadness,surprise,neutral
Wow. Never knew there were so many here.,eeav08q,LumberjackEnt,Anarchism,t3_agy7rh,t1_eeanehd,1547758699.0,67,False,0,0,0,0,0,0,0,0,0,0,0,0,0,0,0,0,0,0,0,0,0,0,1,0,0,0,0,0
"Lol, it seems like your projecting your own problems on me",ee6n1cr,Nessive,FortniteCompetitive,t3_ag7zdx,t1_ee6mtu6,1547630112.0,22,False,0,0,0,0,0,0,0,0,0,0,0,0,0,0,0,0,0,0,0,0,0,0,0,0,0,0,0,1
I love [NAME] :),ed4pw4n,nicole114,GenderCritical,t3_abxksi,t1_ed3ohqx,1546491768.0,20,False,0,0,0,0,0,0,0,0,0,0,0,0,0,0,0,0,0,0,1,0,0,0,0,0,0,0,0,0
I am just a regular guy. Maybe you guys should talk to a specialist....especially if you are trying to conceive. Good luck!,ed1wh2b,tun_tavern_staff,sex,t3_abom7l,t1_ed1wcdg,1546394784.0,40,False,0,0,0,0,0,0,0,0,0,0,0,0,0,0,0,1,0,0,0,0,0,0,0,0,0,0,0,0
okay but i need a strategy on how to deal with this,eet31oy,sport5411,socialanxiety,t3_af3ztm,t1_eesz00w,1548289904.0,42,False,0,0,0,0,0,0,0,0,0,0,0,0,0,0,0,0,0,0,0,0,0,0,0,0,0,0,0,1
Wow. I dig that.,ee9v3hg,hkataxa,nyc,t3_aglpcn,t1_ee86sap,1547735169.0,3,False,0,0,0,0,1,0,0,0,0,0,0,0,0,0,0,0,0,0,0,0,0,0,0,0,0,0,1,0
It's definitely alive. Not sure it's doing quite so well...for 99% of people anyway.,eem4s0m,irdangerdave,BreadTube,t3_ai4wwt,t1_eem4i87,1548076633.0,37,False,0,0,0,0,1,0,1,0,0,0,0,0,0,0,0,0,0,0,0,0,0,0,0,0,0,0,0,0
Old ladies are like the only ppl that are nice to me lmao. Kindered spirits with the ugly.,edl4cw9,oppositetechnician3,Trufemcels,t3_adxemw,t3_adxemw,1546981385.0,15,False,0,0,0,1,0,0,0,0,0,0,0,0,0,0,0,0,0,0,0,0,0,0,0,0,0,0,0,0
Define woman please if you're not going to use the accepted denotation.,edgwgdh,truthjustic3equality,AskFeminists,t3_adfwpi,t1_edgm7br,1546866853.0,55,False,0,0,0,0,0,0,0,0,0,0,0,0,0,0,0,0,0,0,0,0,0,0,0,0,0,0,0,1
"There is apparently an Imperial Remnant proper in the Neu-canon, centred around imperial core worlds. We don't hear very much from them.",edm7tl3,Mardoniush,saltierthancrait,t3_adrw0c,t3_adrw0c,1547013910.0,61,False,0,0,0,0,0,0,0,0,0,0,0,0,0,0,0,0,0,0,0,0,0,0,0,0,0,0,0,1
These are some of the most talented marbles I've ever had the honor and privilege of watching.,ef42c14,chbay,videos,t3_ak47lv,t1_ef2a83n,1548609753.0,61,False,1,0,0,0,1,0,0,0,0,0,0,0,0,0,0,0,0,0,0,0,0,0,1,0,0,0,0,0
Desktop link: ^^/r/HelperBot_ ^^Downvote ^^to ^^remove. ^^Counter: ^^231652,ee0rgnv,HelperBot_,UpliftingNews,t3_af9v02,t1_ee0rgkj,1547431118.0,4,False,0,0,0,0,0,0,0,0,0,0,0,0,0,0,0,0,0,0,0,0,0,0,0,0,0,0,0,1
Well that's an awful superpower to have. Maybe you could fix [NAME] tho.,ee8sw1t,CSH-1,badunitedkingdom,t3_agoqzc,t1_ee8smwf,1547691571.0,66,False,0,0,0,0,0,0,0,0,0,1,1,0,0,0,0,0,0,0,0,0,0,0,0,0,0,0,0,0
"dude,,, same i cried today because i couldnâ€™t go to the gym bc my foot was too swollen to wear shoes lol",ed2jqz0,isaezraa,EDAnonymous,t3_abryxo,t3_abryxo,1546423017.0,61,True,0,0,0,0,0,0,0,0,0,0,0,0,0,0,0,0,0,0,0,0,0,0,0,0,0,0,0,0
Which one? The November game where the Bengals almost come back or the December game where the defense scores two TDs?,ee65ls0,SleestakLightning,steelers,t3_agfxdx,t1_ee64tyn,1547609113.0,34,False,0,0,0,0,0,0,0,1,0,0,0,0,0,0,0,0,0,0,0,0,0,0,0,0,0,0,0,0
Bear your teeth at them and snarl like a dog,eesqzp7,Falcon25,AskMen,t3_aiy1tu,t1_eerl14m,1548281094.0,61,False,0,0,0,0,0,0,0,0,0,0,0,0,0,0,0,0,0,0,0,0,0,0,0,0,0,0,0,1
Omg [NAME]! One of my favorite bb players,ed8vqt2,cassieidk3,BigBrother,t3_acl5al,t3_acl5al,1546629897.0,6,False,0,0,0,0,0,0,0,0,0,0,0,0,0,0,0,0,0,0,0,0,0,0,0,0,0,0,0,1
[NAME] Instagram story last night had a Mexican dinner for two cooking at his home. I bet they're already together.,edikcrw,PublicYak,90dayfianceuncensored,t3_adl6h8,t3_adl6h8,1546901146.0,57,False,0,0,0,0,0,0,0,1,0,0,0,0,0,0,0,0,0,0,0,0,0,0,0,0,0,0,0,0
"Happy 2019 to everyone except for Disney who plans to fill the year with crappy, money-grabbing sequels. ",ed0hvgr,atothejhines,reactiongifs,t3_abil1c,t3_abil1c,1546353714.0,40,False,0,0,0,0,0,0,0,0,0,0,0,0,0,0,0,0,0,0,0,0,0,0,0,0,0,0,0,1
"Since itâ€™s a commercial truck, the driver probably has a CDL.",edw1o2c,thecuriousblackbird,Roadcam,t3_af1q69,t1_edv2h6u,1547297312.0,81,False,0,0,0,0,0,0,0,0,0,0,0,0,0,0,0,0,0,0,0,0,0,0,0,0,0,0,0,1
It's disturbing that you even have to ask that.,ee455vq,dontwannabewrite,Instagramreality,t3_afuk5y,t3_afuk5y,1547554447.0,26,False,0,0,0,1,0,0,0,0,0,0,0,0,0,0,0,0,0,0,0,0,0,0,0,0,0,0,0,0
I drove off 170 onto 40 and was surprised by the lack of brakelights.... keep it closed haha,eczfzzk,Uber_Dan_STL,StLouis,t3_aba3gx,t1_ecyv79h,1546305115.0,4,False,0,1,0,0,0,0,0,0,0,0,0,0,0,0,0,0,0,0,0,0,0,0,0,0,0,0,1,0
"Itâ€™s definitely winter. My Cornish Rex is in hell right now because she loves laying in windows, but itâ€™s cold as balls out ",ee6vuc9,AmbienChronicles,JUSTNOMIL,t3_aghp0j,t1_ee6ulem,1547643970.0,42,False,0,0,0,0,1,0,0,0,0,0,0,0,0,0,0,0,0,0,1,0,0,0,0,0,0,0,0,0
**LOVE TO HEAR IT B**,edygc8n,otfGavin,entitledparents,t3_afcpp0,t1_edyg92k,1547360996.0,6,False,0,0,0,0,0,0,0,0,0,0,0,0,0,0,0,0,0,0,0,0,0,0,0,0,0,0,0,1
"Damn, maybe its just the facial expression, but she looks exhausted :/",eduvro7,Lepurten,sadcringe,t3_af09er,t3_af09er,1547256235.0,11,False,0,0,0,0,0,0,0,0,0,1,0,0,0,0,0,0,0,0,0,0,0,0,0,0,0,0,0,0
[NAME] is honestly really badass and he has a great design I hope they give him something good to do in 11,ee3rjta,MIKAL7991,MortalKombat,t3_ag4ka7,t1_ee3qpka,1547533228.0,76,False,1,0,0,0,0,0,0,0,0,0,0,0,0,0,0,0,0,0,0,0,1,0,0,0,0,0,0,0
Let's get skinner locked up for 8 years first. Don't want to upset him before he signs,ediejss,Wizmaxman,sabres,t3_adkgfc,t3_adkgfc,1546898049.0,81,False,0,0,0,0,0,0,0,0,0,0,0,0,0,0,0,0,0,0,0,0,0,0,0,0,0,0,0,1
Donâ€™t even really know what you mean.,eex5kzf,MyBooHole,terriblefacebookmemes,t3_ajmp5u,t1_eex5ekp,1548419003.0,4,False,0,0,0,0,0,0,1,0,0,0,0,0,0,0,0,0,0,0,0,0,0,0,0,0,0,0,0,0
"Sheâ€™s been in nursery for 3 years so nursery isnâ€™t new to her, but this is a new room that sheâ€™s in ",edtuov8,l2k83,Parenting,t3_aeydm5,t1_edtt8e2,1547232805.0,61,False,0,0,0,0,0,0,0,0,0,0,0,0,0,1,0,0,0,0,0,0,0,0,1,0,0,0,0,0
"Oh, I like this! Whereâ€™d you get it?",ee07w6y,Peaceofmind07,datingoverthirty,t3_afmvkn,t1_ee05sse,1547415764.0,35,False,0,0,0,0,0,0,0,1,0,0,0,0,0,0,0,0,0,0,1,0,0,0,0,0,0,0,0,0
Unless I have to see if they look as stupid as their driving makes me think they are. Then I pull right up and stare.,eda0ir1,Babybleu42,DoesAnybodyElse,t3_acpoqz,t3_acpoqz,1546662361.0,35,False,0,0,0,0,0,0,0,0,0,0,0,0,0,0,0,0,0,0,0,0,0,0,0,0,0,0,0,1
"Religion is the biases for more hate; wars; discrimination; bigotry and poverty than any other entity in the world, with the exception of central banking.",ed35n7z,outtanutmeds,worldpolitics,t3_abv5ge,t3_abv5ge,1546448814.0,66,False,0,0,0,1,0,0,0,0,0,1,1,0,0,0,0,0,0,0,0,0,0,0,0,0,0,0,0,0
I think the fan base is mostly past that at this point. Almost everyone has MASSIVE problems with some of the decisions Nintendo makes.,ee1veao,FlameoHotboi,gatekeeping,t3_afvg3s,t1_ee1tqx2,1547480039.0,27,False,0,0,0,0,0,0,0,0,0,0,0,0,0,0,0,0,0,0,0,0,0,0,0,0,0,0,0,1
He wants to speak to the manager,eewrk18,KathTea_Katastrophy,90dayfianceuncensored,t3_ajmcb0,t1_eewp732,1548402055.0,61,False,0,0,0,0,0,0,0,0,0,0,0,0,0,0,0,0,0,0,0,0,0,0,0,0,0,0,0,1
No worries girl it happens hahaha,efgisnw,GayPalestineLover,rpdrcringe,t3_alq868,t1_efgioce,1548957698.0,57,False,0,1,0,0,0,0,0,0,0,0,0,0,0,0,0,0,0,0,0,0,0,0,0,0,0,0,0,0
They were just gonna do a review parody of their favorite movie. Whatâ€™s hard to understand?,ef5yp80,TheRocketeer0826,RedLetterMedia,t3_akgqgu,t1_ef4s23p,1548672183.0,38,False,0,0,0,0,0,0,0,1,1,0,0,0,0,0,0,0,0,0,0,0,0,0,0,0,0,0,0,0
Itâ€™s indicating his uncles death wasnâ€™t a accident and he died for a specific reason such as conspiracy,ee11ioh,lm447,TwoSentenceHorror,t3_afnzhr,t3_afnzhr,1547440398.0,4,False,0,0,0,0,0,0,0,0,0,0,0,0,0,0,0,0,0,0,0,0,0,0,0,0,0,0,0,1
I live downtown and walk around at odd hours of the night all the time. Love the empty and abandoned feel of the city.,ees2ln3,jewmallow,StLouis,t3_aixt3p,t1_eergtk5,1548264849.0,4,False,1,0,0,0,0,0,0,0,0,0,0,0,0,0,0,0,0,1,0,0,0,0,0,0,0,0,0,0
Which is weird because it also looks like dog treats,eda6ydr,bizcat,WeWantPlates,t3_achpv2,t1_ed80wu2,1546668595.0,61,False,0,0,0,0,0,0,0,0,0,0,0,1,0,0,0,0,0,0,0,0,0,0,0,0,0,0,0,0
"ðŸ¤£ yes... sure. Let me talk to a teenage Q believer, listening to [NAME] who doesent even know what projection is... next",edgh5zh,abstracthumanoid83,worldpolitics,t3_adff0l,t1_edggnyb,1546849052.0,37,True,0,0,0,0,0,0,0,0,0,0,0,0,0,0,0,0,0,0,0,0,0,0,0,0,0,0,0,0
That's a huge shame and says more about Sacks than it does anything else.,ed5a0bs,rjm1378,Judaism,t3_ac06n3,t1_ed58tfj,1546519682.0,72,False,0,0,0,0,0,0,0,0,0,0,0,0,1,0,0,0,0,0,0,0,0,0,0,0,0,1,0,0
These stories make me glad that I have a job that doesn't require social interaction besides my boss and coworkers.,ef5trwp,Pakari-RBX,entitledparents,t3_akhujg,t3_akhujg,1548665359.0,6,False,0,0,0,0,0,0,0,0,0,0,0,0,0,0,0,0,0,1,0,0,0,0,0,0,0,0,0,0
Don't fucking disrespect the World's Largest Love Machine ever again,edj9yw8,Rabidgoat1,SquaredCircle,t3_adofz9,t1_edj9vw3,1546918372.0,40,False,0,0,0,0,0,0,0,0,0,0,0,1,0,0,0,0,0,0,1,0,0,0,0,0,0,0,0,0
Me when I spent 90% of the art exam time finishing the head and need to rush the rest of the body.,edadqba,skylurh,delusionalartists,t3_acroj4,t3_acroj4,1546677138.0,19,False,0,0,0,0,1,0,0,0,0,0,0,0,0,0,0,0,0,0,0,0,0,0,0,0,0,0,0,0
Lol! Iâ€™m glad you feel lucky because you are! Could you imagine dealing with the continuous flipping back and forth between desire and guilt? ðŸ˜¬,eeft7nc,NervousGuidanc3,exmormon,t3_ahjv1z,t1_eefsmlh,1547906228.0,37,False,0,1,0,0,0,0,0,1,0,0,0,0,0,0,0,0,0,1,0,0,0,0,0,0,0,0,0,0
He said sexist not sexiest.,eeus3jw,R____I____G____H___T,worldnews,t3_ajc8ar,t1_eeuokun,1548348565.0,46,False,0,0,0,0,0,0,0,0,0,0,0,0,0,0,0,0,0,0,0,0,0,0,0,0,0,0,0,1
"If thatâ€™s true, and Iâ€™m inclined to agree, term limits are a bandaid on an open chest wound. ",ef40ie2,johnnykrisma,Libertarian,t3_akczhj,t1_ef3yx7h,1548608627.0,81,False,0,0,0,0,1,0,0,0,1,0,0,0,0,0,0,0,0,0,0,0,0,0,0,0,0,0,0,0
I admire the prep and just hope the other guy is ok. Best one in ages..,ee1epep,leighsimonyoung,instant_regret,t3_afryfy,t3_afryfy,1547459349.0,27,False,1,0,0,0,0,0,0,0,0,0,0,0,0,0,0,0,0,0,0,0,1,0,0,0,0,0,0,0
I dont think anyone liked 6A apart from the two Slade episodes and the crossover. Most people here consider it to be sloppy,eeh4n8x,Realichu,arrow,t3_ahkweq,t1_eeg0tzp,1547936118.0,62,False,0,0,0,0,0,0,0,0,0,0,0,1,0,0,0,0,0,0,0,0,0,0,0,0,0,0,0,0
â€œSo even if vaccination did cause autism...WHICH IT FUCKING DOESNâ€™T!â€ Pure genius.,ef2q8cx,rollthedicethrice,Whatcouldgowrong,t3_ak6ygy,t1_ef23o6p,1548567692.0,15,False,1,0,0,0,0,0,0,0,0,0,0,0,0,0,0,0,0,0,0,0,0,0,1,0,0,0,0,0
"I was a [NAME] fan for a good bit, so that swayed me a little towards his teams",eelmaa4,Verstrata,minnesotavikings,t3_ai64sy,t1_eelm7qk,1548049752.0,7,False,0,0,0,0,0,0,0,0,0,0,0,0,0,0,0,0,0,0,0,0,1,0,0,0,0,0,0,0
Wait... today isn't April 1st...,ee2nf8r,Softestpoop,EdmontonOilers,t3_afyne4,t3_afyne4,1547500048.0,66,False,0,0,0,0,0,0,1,1,0,0,0,0,0,0,0,0,0,0,0,0,0,0,0,0,0,0,0,0
Copy pasta?,ee4ry2u,ivnwng,sadcringe,t3_ag7npt,t3_ag7npt,1547572931.0,81,False,0,0,0,0,0,0,0,0,0,0,0,0,0,0,0,0,0,0,0,0,0,0,0,0,0,0,0,1
Bahaha I wish! I copied and pasted it off the internet but yeah thatâ€™s some serious research,edmbgh2,missmolly3533,TeenMomOGandTeenMom2,t3_adr0xa,t1_edmbend,1547018789.0,70,False,0,0,0,0,0,0,0,0,1,0,0,0,0,0,0,0,0,0,0,0,0,0,0,0,0,0,0,0
"And when not patrolling the streets or providing desktop service support, officer vvv good boy/girl is a dispatcher.",ee05lpe,Petty-Tendergrass,dogswithjobs,t3_afjy4s,t3_afjy4s,1547414122.0,21,False,0,0,0,0,0,0,0,0,0,0,0,0,0,0,0,0,0,0,0,0,0,0,0,0,0,0,0,1
"But some people are not on that subreddit, he is just reminding all the people in the [NAME] faction",eemt6qx,Nerf_Apollyon,forhonor,t3_aic11l,t1_eemm5gu,1548095612.0,5,False,0,0,0,0,0,0,0,0,0,0,0,0,0,0,0,0,0,0,0,0,0,0,0,0,0,0,0,1
Damn for that much you may as well use a mobile plan unless you're doing something latency sensitive.,efch84n,FUCK_SNITCHES_,canada,t3_al7aps,t1_efcgk61,1548844164.0,60,False,0,0,0,0,0,0,0,0,0,0,0,0,0,0,0,0,0,0,0,0,0,0,0,0,0,0,0,1
"Being someone who has severe anxiety and in this predicament before, you need to do whatâ€™s best for YOU",ed1zjia,user183739,confession,t3_abow8d,t3_abow8d,1546397478.0,51,False,0,0,0,0,1,0,0,0,0,0,0,0,0,0,0,0,0,0,0,0,0,0,0,0,0,0,0,0
"I see,if you'll just excuse me............ ( Í¡Â° ÍœÊ– Í¡Â° )",ee215uj,Lukeanto,yesyesyesyesno,t3_afwkku,t1_ee20vr3,1547484482.0,62,False,0,0,0,0,0,0,0,0,0,0,0,0,0,0,0,0,0,0,0,0,0,0,0,0,0,0,0,1
dont be scared,ed1i1o9,FearNotBot,confession,t3_abfbqv,t1_ed05stk,1546382586.0,24,False,0,0,0,0,0,0,0,0,0,0,0,0,0,0,0,0,0,0,0,0,0,0,0,0,0,0,0,1
[NAME] got some mutton chop sideburns coming in.,edx9w41,no-mad,freefolk,t3_af7lef,t3_af7lef,1547329183.0,61,False,0,0,0,0,0,0,0,0,0,0,0,0,0,0,0,0,0,0,0,0,0,0,1,0,0,0,0,0
Or you can just support your local farmers that slaughter their animals in an ethical and way less horrifying way.,eczz8lp,PecanCrunchies,philosophy,t3_ab9b3d,t3_ab9b3d,1546326019.0,23,False,0,0,0,1,0,0,0,0,1,0,0,0,0,0,0,0,0,0,0,0,0,0,0,0,0,0,0,0
Isn't this the same video already posted ? Not seeing anything different,eepdcjf,Dedlaw,southafrica,t3_aiok7j,t3_aiok7j,1548178148.0,5,False,0,0,0,0,0,0,0,0,0,0,0,0,0,0,0,0,0,0,0,0,0,0,1,0,0,0,0,0
what about the balls!?,eednkj8,PrimeTone,AskMen,t3_ahb78b,t1_eecyucz,1547840074.0,24,False,0,0,0,0,0,0,0,0,0,0,0,0,0,0,0,0,0,0,0,0,0,0,0,0,0,0,0,1
Thatâ€™d what you think.,ed7tka2,23lf,FellowKids,t3_aca89b,t1_ed7di0v,1546598067.0,37,False,0,0,0,0,0,0,0,0,0,0,0,0,0,0,0,0,0,0,0,0,0,0,0,0,0,0,0,1
[NAME]... Cur from Kindred says hi. (Order). Y'all remember JTT? Best guild ever.,edwk601,nny76,MMORPG,t3_adw24q,t1_edpv8lr,1547313386.0,49,False,1,0,0,0,0,0,0,0,0,0,0,0,0,0,0,0,0,0,0,0,0,0,0,0,0,0,0,0
"> even if I despise its many subcultural, life stylist, and mobbish factions I am not sure what this means",ed2er9u,EnfantTragic,Anarchism,t3_abq476,t3_abq476,1546414178.0,46,False,0,0,0,0,0,0,1,0,0,0,0,0,0,0,0,0,0,0,0,0,0,0,0,0,0,0,0,0
inject that shit into my veins,eeqr7jo,QuiGonJinnNJuice,canes,t3_aiu13t,t1_eeqr54f,1548214101.0,43,False,0,0,0,1,0,0,0,0,0,0,0,0,0,0,0,0,0,0,0,0,0,0,0,0,0,0,0,0
Sorry for the late question but I wanted to know if can you buy 2 tickets with one Madridista membership? Or is it one ticket per Madridista membership?,eesbir0,pappadiddy,realmadrid,t3_af15d4,t1_eduu07k,1548270755.0,15,False,0,0,0,0,0,0,1,1,0,0,0,0,0,0,0,0,0,0,0,0,0,0,0,0,1,0,0,0
[NAME]! Get a DAMN good lawyer! Glad you're okay.,eewaxe7,JokerInTheBronx,HadToHurt,t3_ajjw8q,t3_ajjw8q,1548385449.0,74,False,0,0,0,1,0,0,0,0,0,0,0,0,0,0,0,0,0,1,0,0,0,0,0,0,0,0,0,0
deleted ^^^^^^^^^^^^^^^^0.5933 ^^^What ^^^is ^^^this?,eekbylj,[deleted],sex,t3_ai1hi1,t3_ai1hi1,1548016942.0,57,False,0,0,0,0,0,0,0,1,0,0,0,0,0,0,0,0,0,0,0,0,0,0,0,0,0,0,0,0
"lol Whatever that proves, sure.",eewovmg,newsifried,reactiongifs,t3_ajj9jm,t1_eewnfqh,1548398669.0,12,False,0,0,0,0,0,0,0,0,0,0,0,0,0,0,0,0,0,0,0,0,0,0,0,0,0,0,0,1
Kinda but itâ€™s still a terrible meme,edqk8pg,satanvacation,terriblefacebookmemes,t3_aemd9p,t1_edqiqgk,1547149275.0,49,False,0,0,0,0,0,0,0,0,0,0,0,0,0,0,1,0,0,0,0,1,0,0,0,0,0,0,0,0
!remindme 7 months,edd4sml,the_man_beast,dadjokes,t3_aczlhz,t1_edc9mhp,1546756520.0,19,False,0,0,0,0,0,0,0,0,0,0,0,0,0,0,0,0,0,0,0,0,0,0,0,0,0,0,0,1
"Congratulations, that joke has only been made 89,401,327 times on reddit before. ",eff8izq,bagodickz,morbidquestions,t3_alebim,t1_efdhuo4,1548917827.0,55,False,0,0,0,0,0,0,0,0,0,0,0,0,0,0,0,1,0,0,0,0,0,0,0,0,0,0,0,0
"Oh wow, hate that. ",eez4zo1,ArcticVolcano,terriblefacebookmemes,t3_ajtwvq,t3_ajtwvq,1548462535.0,40,False,0,0,1,0,0,0,0,0,0,0,0,0,0,0,0,0,0,0,0,0,0,0,1,0,0,0,0,0
Lazy as hell,eea51bj,Arteliss,KidsAreFuckingStupid,t3_agwaeg,t3_agwaeg,1547742295.0,4,False,0,1,0,0,0,0,0,0,0,0,0,0,0,0,0,0,0,0,0,0,0,0,0,0,0,0,0,0
lmao and I thought I was the only one,ed5ynii,Saywhatwant,cringepics,t3_ac0qmw,t1_ed4oiij,1546539624.0,51,False,0,1,0,0,0,0,0,0,0,0,0,0,0,0,0,0,0,0,0,0,0,0,0,0,0,0,0,0
What are you smoking?,edlud6c,Keznen,morbidquestions,t3_ad4sgo,t3_ad4sgo,1547001452.0,20,False,0,0,0,0,0,0,1,0,0,0,0,0,0,0,0,0,0,0,0,0,0,0,0,0,0,0,0,0
Love that lane. It's like the best part of Rome.,ee0dr3p,[deleted],northernireland,t3_afmvt1,t3_afmvt1,1547420067.0,41,False,0,0,0,0,0,0,0,0,0,0,0,0,0,1,0,0,0,0,1,0,0,0,0,0,0,0,0,0
"Oh I love flirtationships! This is normally us, but work takes us to a long distance relationship half of the year. ",efdqmtz,90cannaaktivistish,bipolar,t3_alctjq,t1_efdn7g0,1548875565.0,15,False,1,0,0,0,0,0,0,0,0,0,0,0,0,0,0,0,0,0,0,0,0,0,0,0,0,0,0,0
You're not a good person if you make the person that just let you inside their body feel bad and disrespected.,efhaz2y,piledhighandlow,sex,t3_alpb0o,t1_efh3p4l,1548976613.0,49,False,0,0,0,0,0,0,0,0,0,0,1,1,0,0,0,0,0,0,0,0,0,0,0,0,0,0,0,0
That's what you get for not washing your mouth for months.,edphf64,PitifulSkirt,Barca,t3_ae7zw0,t1_ednzm7o,1547125035.0,78,False,0,0,0,1,0,0,0,0,0,0,0,0,0,0,0,0,0,0,0,0,0,0,0,0,0,0,0,0
Pepperidge Farm remembers!,ee2ruqy,drift_summary,WhitePeopleTwitter,t3_afvrm0,t1_ee2m22t,1547503135.0,5,False,0,0,0,0,0,0,0,0,0,0,0,0,0,0,0,0,0,0,0,0,0,0,0,0,0,0,0,1
I like to think I do but idk my advice could be awful haha.,efb9lmi,cattycool22,DoesAnybodyElse,t3_al6sop,t3_al6sop,1548807986.0,4,False,0,0,0,0,0,0,1,0,0,0,0,0,0,0,0,0,0,0,0,0,0,0,0,0,0,0,0,0
You are correct. But sometimes you might have a plan or you have to improvise. Iâ€™m glad it worked.,eec3kfa,zer0card,nonononoyes,t3_ah6ry2,t1_eec15h2,1547792822.0,67,False,0,0,0,0,0,0,0,0,0,0,0,0,0,0,0,0,0,0,0,0,0,1,0,0,0,0,0,0
I thought it was going to cut to them still trying to get it out of its mouth! When the kid was holding it again I lost it,edo4w0h,ccdfa,Whatcouldgowrong,t3_ae8fna,t1_edo493j,1547074541.0,6,False,0,0,0,1,0,0,0,0,0,1,0,0,0,0,0,0,0,0,0,0,0,0,0,0,0,0,0,0
Aren't they designed to not go straight if you don't hold the wheel? Something about making sure they don't go too far?,edf3uxs,Promac,holdmybeer,t3_ad6qt7,t1_edetm6w,1546811309.0,3,False,0,0,0,0,0,0,0,1,0,0,0,0,0,0,0,0,0,0,0,0,0,0,0,0,0,0,0,0
"Excuse me, I hate to bother you but could you please inform me what you find so aggravating about sea Lions?",eddvjl5,Youutternincompoop,SubredditDrama,t3_acxnmz,t1_edbu8h5,1546785289.0,20,False,0,0,1,0,0,0,0,0,0,0,0,0,0,0,0,0,0,0,0,0,0,0,0,0,0,0,0,0
"No, but I won't be surprised the Day I see him yelling at the top of his lung to ""NUKE THESE *INSERT RACIAL SLUR*""",ee81dwj,Tarmogoyf424,worldnews,t3_agkylv,t1_ee816h1,1547673207.0,5,False,0,0,0,0,0,0,0,0,0,0,1,0,0,0,0,0,0,0,0,0,0,0,0,0,0,0,0,0
Try to listen to yourself. I should have done that more.,edp28m9,[deleted],NarcissisticAbuse,t3_aecujs,t1_edozfga,1547104641.0,4,False,0,0,0,0,0,1,0,0,0,0,0,0,0,0,0,0,0,0,0,0,0,0,0,0,0,0,0,0
"Maaaan, that woman is crazy! And the straightjacket type!",efedt9g,ImAllergicToFish,entitledparents,t3_al9bfc,t1_efe7njj,1548890649.0,61,False,1,0,0,0,0,0,0,0,0,0,0,0,0,0,0,0,0,0,0,0,0,0,0,0,0,0,0,0
"""I guess if you want children beaten, you have to do it yourself."" Thank you [NAME]. ",efc3ext,snaccintosh,lewronggeneration,t3_al9akh,t3_al9akh,1548829712.0,55,False,0,0,0,0,0,0,0,0,0,0,0,0,0,0,0,1,0,0,0,0,0,0,0,0,0,0,0,0
I'm a girl and got the belt for doing something similar with another girl.,ee85fmg,CrunchyMold,TooAfraidToAsk,t3_agq5xm,t1_ee84bte,1547675798.0,23,False,0,0,0,0,1,0,0,0,0,0,0,0,0,0,0,0,0,1,0,0,0,0,0,0,0,0,0,0
I legit saw 3 people with that kind of hood on today,edfum6a,carramrod2012,LosAngeles,t3_adbc6u,t3_adbc6u,1546828062.0,15,False,0,0,0,0,0,0,0,0,0,0,0,0,0,0,0,0,0,0,0,0,0,0,1,0,0,0,0,0
No we just want to make sure that it doesn't happen. Fairly large difference.,eeunq4c,Change--My--Mind,onguardforthee,t3_aizl4l,t1_eero5ub,1548345640.0,38,False,0,0,0,0,0,1,0,0,0,0,0,0,0,0,0,0,0,0,0,0,0,0,0,0,0,0,0,0
"When I die, I want [NAME] and [NAME] buried with me.",edep99g,mudpilot,newzealand,t3_ad6rgj,t3_ad6rgj,1546803490.0,61,False,0,0,0,0,0,0,0,0,0,0,0,0,0,0,0,0,0,0,0,0,0,0,0,0,0,0,0,1
"Dont want to come over as a sadist, but the story makes all those scene 100x better.",ee8786x,ConnectedVG,TheWalkingDeadGame,t3_agqfum,t3_agqfum,1547676961.0,23,False,0,0,1,0,0,0,0,0,0,0,0,0,0,0,0,0,0,0,0,0,0,0,0,0,0,0,0,0
itâ€™s happened before?! love my hometown of beautiful new ken ðŸ˜‚ðŸ˜‚,eef5tb7,z4kb34ch,pittsburgh,t3_ah8ufv,t3_ah8ufv,1547880987.0,41,False,0,0,0,0,0,0,0,0,0,0,0,0,0,0,0,0,0,0,0,0,0,0,0,0,0,0,0,1
Looks like you took a bath in manure.,ef7kwbh,2LLs,RedDeadOnline,t3_akld1g,t3_akld1g,1548714312.0,1,False,0,0,0,0,0,0,0,0,0,0,0,0,0,0,0,0,0,0,0,0,0,0,0,0,0,0,0,1
I've started downvoting people for mentioning meat or animal products in their comments.,edu7lbu,GhostOfSomeonesDad,vegancirclejerk,t3_aezjiu,t3_aezjiu,1547240222.0,55,False,0,0,0,0,1,0,0,0,0,0,0,0,0,0,0,0,0,0,0,0,0,0,0,0,0,0,0,0
Ok just making sure i was confused,eem090u,sander278,forhonor,t3_ai961j,t3_ai961j,1548070600.0,52,False,0,0,0,0,0,0,1,0,0,0,0,0,0,0,0,0,0,0,0,0,0,0,0,0,0,0,0,0
Good luck tomorrow! I had to go back last Wednesday. The only silver lining was that it was a short week.,edg68dw,mclulabean,Teachers,t3_ad9c9s,t3_ad9c9s,1546836901.0,70,False,0,0,0,0,0,0,0,0,0,0,0,0,0,0,0,0,0,0,0,0,1,0,0,0,0,0,0,0
Read this in the voice of that baclground janitor guy who [NAME] loves from rick and morty.,eesxqn7,InfiniteSpoons,Wellthatsucks,t3_aj29yz,t1_eesusgx,1548285849.0,57,False,0,0,0,0,0,0,0,0,0,0,0,0,0,0,0,0,0,0,0,0,0,0,0,0,0,0,0,1
Looks kinda creepy when you keep watching,ef0j03e,pikkupapupata,FellowKids,t3_ak11st,t3_ak11st,1548512119.0,6,False,0,0,0,0,0,0,0,0,0,0,0,0,0,0,0,0,0,0,0,0,0,0,0,0,0,0,0,1
What if the meal didnâ€™t consent to being cannibalised?,eenvfxe,FindingAlaska,LateStageCapitalism,t3_aics5q,t1_eenho1p,1548123527.0,70,False,0,0,0,0,0,0,0,1,0,0,0,0,0,0,0,0,0,0,0,0,0,0,0,0,0,0,0,0
"And just to continue the tradition, they reported on building 7 falling 25 minutes before it fell...",ee2uqhq,donaldtroll,conspiracy,t3_afvnvc,t3_afvnvc,1547505244.0,78,False,0,0,0,0,0,0,0,0,0,0,0,0,0,0,0,0,0,0,0,0,0,0,0,0,0,0,0,1
I suppose it is quite frustrating to have someone telling you the sky isn't blue,eehk3jx,ReformedShitposter,starwarsspeculation,t3_ahodet,t1_eehjyq2,1547945015.0,55,False,0,0,0,1,0,0,0,0,0,0,0,0,0,0,0,0,0,0,0,0,0,0,0,0,0,0,0,0
Wow. My first comment here (I think) is met with hate! Ouch!,ee5gov9,MachineGoat,ToolBand,t3_ag802h,t1_ee55vpq,1547589707.0,3,False,0,0,0,0,0,0,0,0,0,0,0,0,0,0,0,0,0,0,0,0,0,0,0,0,0,0,1,0
I've learned that guys are dumb and to not listen to them about women's beauty stuffðŸ™„,eekvphp,ghosttatt,Instagramreality,t3_ai06k2,t1_eekvm9c,1548028160.0,61,False,0,0,0,1,0,0,0,0,0,0,0,0,0,0,0,0,0,0,0,0,0,0,1,0,0,0,0,0
I feel ya man. Stayed up to prestige and now I canâ€™t sleep anyways.,ed50xtl,BoredLoser98,Blackops4,t3_ac3zs5,t3_ac3zs5,1546506583.0,1,False,0,0,0,0,0,0,0,0,0,0,0,0,0,0,0,1,0,0,0,0,0,1,0,0,0,0,0,0
"I mean, he had to deal with [NAME] too! He doesn't deserve this...",ee89gf0,sol_celestial,HighQualityGifs,t3_agndf2,t1_ee85ps5,1547678341.0,52,False,0,0,0,0,0,0,0,0,0,1,0,0,0,0,0,0,0,0,0,0,0,0,0,0,0,0,0,0
I leave for three weeks in Morocco tomorrow. Excited for the 80 degree temperature swing.,effum99,Yvgar,datingoverthirty,t3_alog6d,t3_alog6d,1548942965.0,2,False,0,0,0,0,0,0,0,0,0,0,0,0,0,1,0,0,0,0,0,0,0,0,0,0,0,0,0,0
I've got no place else to go...,edjijts,NumberJ5,hockey,t3_adpidq,t1_edjiiun,1546924826.0,6,False,0,0,0,0,0,0,0,0,0,0,0,0,0,0,0,0,0,0,0,0,0,0,0,0,0,0,0,1
Saints Chiefs matchup would make for a great Super Bowl,eejgsmw,jshanley16,NYGiants,t3_ahye7e,t3_ahye7e,1547999778.0,49,False,1,0,0,0,0,0,0,0,0,0,0,0,0,0,0,0,0,0,0,0,0,0,0,0,0,0,0,0
I am sorry but what is a wholesome meme,efcmqwz,Awyar02,wholesomememes,t3_albyod,t1_efcmk1w,1548849666.0,49,False,0,0,0,0,0,0,0,0,0,0,0,0,0,0,0,0,0,0,0,0,0,0,0,0,0,1,0,0
"Ohh salt would have been good, but I was too pissed off to not do something more aggressive lmao",eeauyiq,LeoGreywolf,pettyrevenge,t3_ah1c56,t1_eeaubdt,1547758668.0,15,False,0,0,0,1,0,0,0,0,0,0,0,0,0,0,0,0,0,0,0,0,0,0,1,0,0,0,0,0
"Thanks for the link, my email indeed was breached it says. Iâ€™m just not sure what this exactly means.",ee2enwy,Hankol,netflix,t3_afx1qj,t1_ee2dpp2,1547494165.0,62,False,0,0,0,0,0,0,0,0,0,0,0,0,0,0,0,1,0,0,0,0,0,0,0,0,0,0,0,0
"Kinda reminds me of my Uncle, [NAME].",eefb7qv,[deleted],ProtectAndServe,t3_agxi3q,t1_eeabmce,1547887093.0,62,False,0,0,0,0,0,0,0,0,0,0,0,0,0,0,0,0,0,0,0,0,0,0,0,0,0,1,0,0
"would I be correct to refer to this as ""pop feminism?"" I think we're talking about the same thing when I say that.",eez80lt,KaliTheCat,AskFeminists,t3_ajv438,t1_eez7lks,1548465113.0,27,False,0,0,0,0,0,0,0,1,0,0,0,0,0,0,0,0,0,0,0,0,0,0,0,0,0,0,0,0
I love chicken,ef52gqm,AdolfKoopaTroopa,timberwolves,t3_akhhru,t1_ef52esg,1548639923.0,4,False,0,0,0,0,0,0,0,0,0,0,0,0,0,0,0,0,0,1,0,0,0,0,0,0,0,0,0,0
Must've misunderstood something about his injury. Thanks for pointing it out,ed8ib4y,joenke36,chelseafc,t3_acjju5,t1_ed8hv68,1546621328.0,49,False,0,0,0,0,0,0,0,0,0,0,0,0,0,0,0,1,0,0,0,0,0,0,0,0,0,0,0,0
"One day you should go get that donut! Personally, life wouldnâ€™t be worth living if I couldnâ€™t occasionally enjoy a gourmet donut ðŸ© ",efgb7ra,hunger_hunter,EDAnonymous,t3_alllel,t1_efg8jdf,1548952812.0,41,False,0,0,0,0,0,0,0,0,0,0,0,0,0,0,0,0,0,0,0,0,0,0,0,0,0,0,0,1
"Oh, but it is.",eealiau,erest1530,Marriage,t3_afnkox,t1_ee1egjz,1547752604.0,81,False,0,0,0,0,0,0,0,0,0,0,0,0,0,0,0,0,0,0,0,0,0,0,0,0,0,0,0,1
"This is the reason why I don't have friends. Not even skinny ones, you never know how they will be in the furure",eeubbji,chirb8,HadToHurt,t3_aja44o,t3_aja44o,1548336699.0,2,False,0,0,0,0,0,0,0,0,0,0,0,0,0,0,0,0,0,0,0,0,0,0,0,0,0,1,0,0
>implying Packers fans have ever fucked anything besides their siblings,ed5wlm7,MrHockeytown,detroitlions,t3_ac6zlr,t1_ed5o79s,1546538133.0,55,False,0,0,1,0,0,0,0,0,0,0,0,0,0,0,0,0,0,0,0,0,0,0,0,0,0,0,0,0
thank you in turn! :D,eeojfth,mxmnull,rpghorrorstories,t3_aijitr,t1_eeojcs3,1548150019.0,57,False,0,0,0,0,0,0,0,0,0,0,0,0,0,0,0,1,0,0,0,0,0,0,0,0,0,0,0,0
"Actually, in some cases it's best certain people _don't_ think about the children..,,",eczlobj,Laughin_LeMao,exchristian,t3_aat582,t1_ecwjkj2,1546310668.0,46,False,0,0,0,0,0,0,0,0,0,0,0,0,0,0,0,0,0,0,0,0,0,0,0,0,0,0,0,1
"Good. It's weird that Polish gun culture is nearly non-existent, given their history as a country. Hopefully this is a step toward fixing that.",efgcbgt,DingleArmand,progun,t3_alqvg7,t3_alqvg7,1548953525.0,28,False,1,0,0,0,0,0,0,0,0,0,0,0,0,0,0,0,0,0,0,0,0,0,0,0,0,0,0,0
There are explanations below somewhere,edjogt4,The7footr,IdiotsInCars,t3_adfxnl,t1_edjnmq2,1546931167.0,49,False,0,0,0,0,0,0,0,0,0,0,0,0,0,0,0,0,0,0,0,0,0,0,0,0,0,0,0,1
Something extremely fishy is going on here with this story.,ed79sso,Dilaudette,The_Mueller,t3_ace3ov,t3_ace3ov,1546575573.0,1,False,0,0,0,0,0,0,0,0,0,0,0,0,0,0,0,0,0,0,0,0,0,0,0,0,0,0,0,1
You should be flattered he wants to have sex with you!,edjaqbx,peeonyou,justneckbeardthings,t3_adguk9,t3_adguk9,1546918869.0,2,False,0,0,0,0,0,0,0,0,0,0,0,0,0,0,0,0,0,0,0,0,0,0,0,0,0,0,0,1
I think you're right. She has oodles of cash and young grandchildren to enjoy. Going through that hideous gauntlet again probably isn't that appealing.,ef7yd7v,bravogolfhotel,Enough_Sanders_Spam,t3_aksd5x,t1_ef7ijgy,1548723289.0,5,False,0,0,0,0,1,0,0,0,0,0,0,0,0,0,0,0,0,0,0,0,0,0,0,0,0,0,0,0
Debs a bitch,ef5akx4,yosoyjackiejorpjomp,sadcringe,t3_akh7do,t3_akh7do,1548645754.0,5,False,0,0,0,0,0,0,0,0,0,0,0,0,0,0,0,0,0,0,0,0,0,0,0,0,0,0,0,1
I am even more concerned now[](#face-support),edme2mp,Voidrive,leagueoflegends,t3_advlst,t1_edmc8s4,1547022957.0,8,False,0,0,0,0,0,1,0,0,0,0,0,0,0,0,0,0,0,0,0,0,0,0,0,0,0,0,0,0
"Thanks, saved. Will watch it tomorrow morning :) ",ee38mjm,tonyalexgomez,medicine,t3_afttw9,t1_ee2rghu,1547516221.0,5,False,0,0,0,0,0,0,0,0,0,0,0,0,0,0,0,1,0,0,0,0,0,0,0,0,0,0,0,0
Keep watching!,eewwc25,Hetstaine,FunnyandSad,t3_ajn0g2,t1_eeww91v,1548408116.0,2,False,0,0,0,0,0,0,0,0,0,0,0,0,0,0,0,0,0,0,0,0,0,0,0,0,0,0,0,1
"At least he's finally done one thing right. Utter fucking disappointment at every level, by every metric.",ed7x62x,beeps-n-boops,newjersey,t3_ac7le2,t3_ac7le2,1546603823.0,22,False,0,0,0,0,0,0,0,0,0,0,0,0,0,0,0,0,0,0,0,0,0,0,0,0,0,0,0,1
What a dumbass question to start with...,edi7jzq,LastPlaneOutOfSydney,TalesFromYourServer,t3_adi47y,t1_edi0x8g,1546894521.0,19,False,0,0,0,1,0,0,0,0,0,0,0,0,0,0,0,0,0,0,0,0,0,0,0,0,0,0,0,0
Is he dead now from a tragic drowning accident? Asking for a friend.,eehp16n,IamAngelaVickers,fatlogic,t3_ahpapc,t1_eehgzzm,1547948097.0,20,False,0,0,0,0,0,0,1,0,0,0,0,0,0,0,0,0,0,0,0,0,0,0,0,0,0,0,0,0
You might want to let your attorney know about this encounter. I wish I could send you some teabags and a hug.,efg629m,lonnielee3,JUSTNOMIL,t3_alqpqr,t3_alqpqr,1548949754.0,46,False,0,0,0,0,0,0,0,0,0,0,0,0,0,0,0,0,0,0,0,0,1,0,0,0,0,0,0,0
Is your teacher [NAME]?,edakwat,83808181,Anarchism,t3_acobq4,t3_acobq4,1546687552.0,37,False,0,0,0,0,0,0,0,1,0,0,0,0,0,0,0,0,0,0,0,0,0,0,0,0,0,0,0,0
Stanley's in Tyler,ef3ptgs,Gilbone,texas,t3_ak20at,t3_ak20at,1548601534.0,3,False,0,0,0,0,1,0,0,0,0,0,0,0,0,0,0,0,0,0,0,0,0,0,0,0,0,0,0,0
22 years to the day. It was uncanny.,edlyj9j,Hey_Im_Probably_Okay,hockey,t3_ae2hlx,t1_edlyh6d,1547004810.0,67,False,0,0,0,0,0,0,0,0,0,0,0,0,0,0,0,0,0,0,0,0,0,0,0,0,0,0,1,0
Stand up for your self once and be really serious it'll stop them,ef1jvmb,cloyd19,Advice,t3_ak4pzv,t3_ak4pzv,1548536711.0,57,False,1,0,0,0,1,0,0,0,0,0,0,0,0,0,0,0,0,0,0,0,0,0,0,0,0,0,0,0
IM GOING TO GO BACK TO INDONESIA UNLESS YOU STOP PAYING CHILD SUPPORT YOU SHOULD BE SUPPORTING ALESS AND [NAME],ee0rvn8,earthefree,90DayFiance,t3_afp0p6,t1_ee0rns9,1547431490.0,79,False,0,0,0,1,0,0,0,0,0,1,0,0,0,0,0,0,0,0,0,0,0,0,0,0,0,0,0,0
That's how you think hes trying to input something. Glad it was my way home.,edd1pob,cringe_SS,SubredditSimulator,t3_ad2irg,t1_edcz37s,1546753344.0,35,False,0,0,0,0,0,0,0,0,0,0,0,0,0,0,0,0,0,0,0,0,0,0,0,1,0,0,0,0
I *couldn't.*,eeoil21,frittenlord,videos,t3_aifyez,t1_eeo8h1c,1548148466.0,62,False,0,0,0,0,0,0,0,0,0,0,1,0,0,0,0,0,0,0,0,0,0,0,0,0,0,0,0,0
*Chocolate thugs don't mess around* That's interesting though. Something to look forward to when you wake up,ef786fz,PM_SmallButtsorBoobs,confessions,t3_akqxpj,t3_akqxpj,1548706620.0,10,False,0,0,0,0,1,0,0,0,0,0,0,0,0,0,0,0,0,0,0,0,0,0,0,0,0,0,0,0
But he was so *hurt* when [NAME] acknowledged that homosexuality is a sin.,ed8dwho,DangerousDrop,RedLetterMedia,t3_acisu3,t1_ed889f2,1546618374.0,24,False,0,0,0,0,0,0,0,0,0,0,0,0,0,0,0,0,0,0,0,0,0,0,0,0,0,0,0,1
"They probably take slight step back, by that I mean still the best defense in the league, but closer.",edniz6u,packcubsmu,GreenBayPackers,t3_ae9ie5,t3_ae9ie5,1547059881.0,3,False,0,0,0,0,0,0,0,0,0,0,0,0,0,0,0,0,0,0,0,0,0,0,0,0,0,1,0,0
I'm guessing that insurance to cover the liability is a big part of it. It sure as hell isn't going to the wages of the employees.,edrp8ad,StorkSlayer,lostgeneration,t3_aejcqh,t1_edr3eg2,1547174497.0,10,False,0,0,0,0,0,0,0,0,0,0,0,0,0,0,0,0,0,0,0,0,0,0,1,0,0,0,0,0
Not on Steelers forums. On Steelers forums half of all football fans give [NAME] credit for being on Seal Team 6 and taking down [NAME].,edltmut,LloydWoodsonJr,steelers,t3_adw81i,t1_edlrrcc,1547000893.0,57,False,1,0,0,0,0,0,0,0,0,0,0,0,0,0,0,0,0,0,0,0,0,0,0,0,0,0,0,0
That's odd. Where I live it all the disapproval has been silent. The loud people are older cougar ladies that are into that kind of thing.,edij5ok,Eulers_ID,MaliciousCompliance,t3_adfqov,t1_edhras1,1546900418.0,43,False,0,0,0,0,0,0,0,0,0,0,0,0,0,0,0,0,0,0,0,0,0,0,0,0,0,0,0,1
I don't want PR to vote because they'll vote blue. I want them to vote because they deserve the right to have representation.,edlu60x,moose2332,VoteBlue,t3_advup6,t1_edlkolj,1547001297.0,24,False,0,0,0,0,0,0,0,0,0,0,0,0,0,0,0,0,0,0,0,0,0,0,0,0,0,0,0,1
Youâ€™re wrong. Source: I looked before I commented the first time.,edgsl7n,RandomWordsssss,poker,t3_adcm40,t1_edg8kuw,1546863468.0,22,False,0,0,0,0,0,0,0,0,0,0,1,0,0,0,0,0,0,0,0,0,0,0,0,0,0,0,0,0
It's bad when that sounds tasty to me,ed4apbg,crazyloco43,EDAnonymous,t3_abzzo1,t1_ed4agxr,1546478557.0,60,False,0,0,0,0,0,0,0,0,0,0,1,0,0,0,0,0,0,0,0,0,0,0,0,0,0,0,0,0
"Ah, our primary investigator picks another hole with his salt mining tools. Well done.",ed2o3cm,IkeOverMarth,saltierthancrait,t3_abq1b3,t3_abq1b3,1546430861.0,2,False,1,0,0,0,0,0,0,0,0,0,0,0,0,0,0,0,0,0,0,0,0,0,0,0,0,0,0,0
I feel fantastic,edeycxv,TheGrassWhistle,TIHI,t3_ad4zhu,t3_ad4zhu,1546808349.0,49,False,1,0,0,0,0,0,0,0,0,0,0,0,0,1,0,0,0,1,0,0,0,0,0,0,0,0,0,0
"If I were him, I would have made sure to fall HARD the second the first officer touched me. Congrats, you're getting paid kid. ",eer46vu,ThetaHunter,youseeingthisshit,t3_aiwryw,t3_aiwryw,1548227625.0,61,False,0,0,0,0,0,0,0,0,0,0,0,0,0,1,0,0,0,0,0,0,1,0,0,0,0,0,0,0
"Ive got these too, any tips on how to remove/make them less obvious?",edmwy22,Official3CHO,DiWHY,t3_ae1uyf,t1_edmd6o3,1547044985.0,72,False,0,0,0,0,0,0,0,1,0,0,0,0,0,0,0,0,0,0,0,0,0,0,0,0,0,0,0,0
"Oh shit, as a matter of fact my knees are now weak",eenwrxp,James34Castle,SweatyPalms,t3_aibj82,t3_aibj82,1548124530.0,24,False,0,0,0,0,0,0,0,0,0,0,0,0,0,0,0,0,0,0,0,0,0,0,0,0,0,0,0,1
Dump her. Shes not committed to you,ee11xcz,intellectualnerd85,relationship_advice,t3_afs5rs,t3_afs5rs,1547440828.0,61,False,0,0,0,0,0,0,0,0,0,0,0,0,0,0,0,0,0,0,0,0,0,0,0,0,0,0,0,1
Because he's looking at the love of his life! Oh does he love the person looking at him in that big screen!,ed8jlv0,AntiNormi,danganronpa,t3_acj7vj,t1_ed8jf96,1546622153.0,62,False,0,0,0,0,0,0,0,0,0,0,0,0,0,0,0,1,0,0,0,0,0,0,0,0,0,0,0,0
"Got the same pops! [NAME] a lot :) too bad I can barely play him, wish there was a Hwoarang pop",edyr7ey,Faggatron900,Tekken,t3_afgils,t3_afgils,1547374236.0,4,False,0,1,0,0,0,0,0,0,0,1,0,0,0,0,0,0,0,0,0,0,0,0,0,0,0,0,0,0
Why not touch them? then don't shove people out of lifts. that's hardly civil. just WAIT and let people get off.,ee980so,denizenz,confessions,t3_af5myr,t1_ee1tc3w,1547705567.0,60,False,0,0,0,1,0,0,0,0,0,0,0,0,0,0,0,0,0,0,0,0,0,0,0,0,0,0,0,0
"It is really boring. There is a culture in church, but it is essentially soulless and is really only weirdness with a heaping of superiority complex.",ee3o8bk,katstongue,exmormon,t3_ag4gpi,t1_ee3kmr2,1547529474.0,19,False,0,0,0,1,0,0,0,0,0,0,1,0,0,0,0,0,0,0,0,0,0,0,0,0,0,0,0,0
Same reaction I had last week when I learned that [NAME] was once engaged to [NAME].,ed61lxp,shnmchl61,PandR,t3_ac5lp6,t1_ed5nuwl,1546541728.0,73,False,0,0,0,0,0,0,0,0,0,0,0,0,0,0,0,0,0,0,0,0,0,0,0,0,0,0,1,0
I still can't believe those guys got nominated.,edcz4zm,The-Harry-Truman,VoteBlue,t3_acab37,t1_ed7co6j,1546751221.0,39,False,0,0,0,0,0,0,0,0,0,0,0,0,0,0,0,0,0,0,0,0,0,0,0,0,0,0,1,0
i didn't know this could happen.,eejl16l,TootInABootYT,TownofSalemgame,t3_ahttaj,t3_ahttaj,1548002186.0,15,False,0,0,0,0,0,0,1,0,0,0,0,0,0,0,0,0,0,0,0,0,0,0,1,0,0,0,0,0
RemindMe! 6 years,edkno5b,JamesIsSoPro,MurderedByWords,t3_advi6e,t1_edkni8h,1546969583.0,61,False,0,0,0,0,0,0,0,0,0,0,0,0,0,1,0,0,0,0,0,0,0,0,1,0,0,0,0,0
I was expecting the clip from Home Alone that [NAME] uses to scare the burglars (I think it's from Angels With Filthy Souls).,eeshrd5,piltonpfizerwallace,youtubehaiku,t3_aj1o00,t3_aj1o00,1548274927.0,36,False,0,0,0,0,0,0,0,0,0,1,0,0,0,0,0,0,0,0,0,0,0,0,0,0,0,0,0,0
"It was. I accept that, and it taught me a valuable lesson.",edv22sq,WineRelatedThrowaway,ProRevenge,t3_aey6i4,t1_edv04tw,1547261163.0,37,False,1,0,0,0,1,0,0,0,0,0,0,0,0,0,0,0,0,0,0,0,0,0,1,0,0,0,0,0
He told you that he hates your friends because they don't beat you up? That is so disgusting!,ed8gsfp,Trinity13371337,raisedbynarcissists,t3_acjeg6,t3_acjeg6,1546620352.0,18,False,0,0,0,0,0,0,0,0,0,0,0,1,0,0,0,0,0,0,0,0,0,0,0,0,0,0,0,0
"Ah yes, resort to ad-hominem attacks when you have nothing else to say.",edr7qvi,JimmyRobinson,ABCDesis,t3_aegd22,t1_edr2ioi,1547161858.0,81,False,0,0,0,0,0,0,0,0,0,1,0,0,0,0,0,0,0,0,0,0,0,0,0,0,0,0,0,0
Guess he should just go hungry then huh?,edvzkuj,smarshall561,Roadcam,t3_af1a2k,t1_eduufyy,1547294837.0,76,False,0,0,0,0,0,0,0,0,0,0,0,0,0,0,0,0,0,0,0,0,0,0,0,0,0,0,0,1
"As a [NAME], this very relatable",ef6djh1,tychog99,AdviceAnimals,t3_ako4ml,t3_ako4ml,1548687538.0,60,False,0,0,0,0,1,0,0,0,0,0,0,0,0,0,0,0,0,0,0,0,0,0,0,0,0,0,0,0
May [NAME] bless your efforts. I wish I could be there. De verdad soy PanameÅˆo.,edy08dl,Kurundu,Catholicism,t3_afcx3e,t3_afcx3e,1547345929.0,11,False,0,0,0,0,0,1,0,0,1,0,0,0,0,0,0,0,0,0,0,0,0,0,0,0,0,0,0,0
"0.1% is a 1 in a thousand chance there, dumbass.",ee5ne6r,meliciousmellymel,IncelTears,t3_agawq2,t1_ee573aa,1547594639.0,27,False,0,0,0,1,0,0,0,0,0,0,0,0,0,0,0,0,0,0,0,0,0,0,0,0,0,0,0,0
All I've said about that topic is that I support abortion but I think birth control and sterilization are better.,eel4k66,ed8907,childfree,t3_ai4zsb,t3_ai4zsb,1548034896.0,33,False,0,0,0,0,0,0,0,0,0,0,0,0,0,0,0,0,0,0,0,0,0,0,0,0,0,0,0,1
VP pick guaranteed - and the pivot will be hilarious,edxxfaz,QuantumDischarge,ShitPoliticsSays,t3_afe4kd,t1_edxv7eh,1547343946.0,56,False,0,0,0,0,0,0,0,0,0,0,0,0,0,0,0,0,0,1,0,0,0,0,0,0,0,0,0,0
You're welcome,edjoojz,QUILTBAGs,newzealand,t3_adkhk0,t1_edjoghk,1546931428.0,72,False,0,0,0,0,0,0,0,0,0,0,0,0,0,1,0,0,0,0,0,0,0,0,0,0,0,0,0,0
Thanks man....,ee0qjb7,GermanySheppard,KidsAreFuckingStupid,t3_afnarb,t1_ee02sxt,1547430307.0,23,False,0,0,0,0,0,0,0,0,0,0,0,0,0,0,0,1,0,0,0,0,0,0,0,0,0,0,0,0
He a cute sneck,efg9j4f,Darkrixe,entitledparents,t3_alqpq0,t3_alqpq0,1548951706.0,39,False,0,0,0,0,0,0,0,0,0,0,0,0,0,0,0,0,0,0,0,0,0,0,0,0,0,0,0,1
"Ok but you're still arguing against specific religions not the existence of some type of [NAME], which it almost sounds like you admit could exist",ee9ocqa,Moneywalks13,atheism,t3_ag9acu,t1_ee50j8b,1547728795.0,2,False,0,0,0,0,0,0,0,0,0,0,0,0,0,0,0,0,0,0,0,0,0,0,0,0,0,0,0,1
> Itâ€™s really not that difficult to win in this league lol,ef6swev,I__Need__Scissors_61,NYGiants,t3_akp6jw,t1_ef6s3o1,1548697379.0,77,False,0,1,0,0,0,0,0,0,0,0,0,0,0,0,0,0,0,0,0,0,0,0,0,0,0,0,0,0
"I used it for a while. It made me way more sociable and generally happier, optimistic Less anxious and stuck up Until it didnt, so enjoy it while it lasts",efdao64,therantaccount,aspergers,t3_albpvo,t3_albpvo,1548865455.0,40,False,0,0,0,0,1,0,0,0,0,0,0,0,0,0,0,0,0,0,0,0,0,0,0,0,0,0,0,0
Those inflated monopoly prices go back into Ontario coffers for services like roads and schools! How dare you question them. /s,eedvd5c,Frank_N_Berry,ontario,t3_ahetur,t1_eedv1tt,1547844707.0,67,False,0,0,0,0,0,0,0,0,0,0,0,0,0,0,0,0,0,0,0,0,0,0,0,0,0,0,1,0
You're telling me you don't get excited when you see a big hit or players drop the gloves?,eeb4j5e,Akor123,sabres,t3_ah025f,t1_eeati8q,1547764965.0,36,False,0,0,0,0,0,0,0,0,0,0,0,0,0,0,0,0,0,0,0,0,0,0,0,0,0,0,1,0
This person is going to be very surprised to learn how many college campuses require you to have UTD vaccinations...,efbkbcg,theonewithbrownhair,insanepeoplefacebook,t3_al0er3,t3_al0er3,1548814881.0,36,False,0,0,0,0,0,0,0,0,0,0,0,0,0,0,0,0,0,0,0,0,0,0,0,0,0,0,0,1
"If you're worried about cost, getting a double edged safety razor is a much better choice, also way better for the environment.",eeams2a,unicyclegamer,TrollXChromosomes,t3_agsmsh,t1_eea9gbq,1547753402.0,23,False,0,0,0,0,0,0,0,0,0,0,0,0,0,0,0,0,0,1,0,0,0,0,0,0,0,0,0,0
New Theory: [NAME] wanted the decoder ring so he could finally figure out how to bond with his father.,edp02tn,Durbee,Documentaries,t3_aeadin,t1_edor9ar,1547101658.0,49,False,0,0,0,0,0,0,0,0,0,0,0,0,0,0,0,0,0,0,0,0,0,0,0,0,0,0,0,1
The way it runs out of the water lmao,eel4lx2,BetterCallSaulSilver,instant_regret,t3_ai1rfk,t3_ai1rfk,1548034935.0,55,False,0,1,0,0,0,0,0,0,0,0,0,0,0,0,0,0,0,0,0,0,0,0,0,0,0,0,0,0
The woman types like she isnâ€™t a native speaker of English. Which worries me immensely.,edp1kck,DeadRoses64,GenderCritical,t3_aefqfk,t3_aefqfk,1547103676.0,60,False,0,0,0,0,0,0,0,0,0,0,0,0,0,0,0,0,0,0,0,1,0,0,0,0,0,0,0,0
"Living with her, he just might be!",edhry9a,chats2,90DayFiance,t3_adkh09,t1_edhrbsf,1546886197.0,57,False,0,0,0,0,0,0,0,0,0,0,0,0,0,0,0,0,0,0,0,0,0,0,0,0,0,0,0,1
Get better jobs,efdyar6,schmoe_money,nashville,t3_alg2ek,t3_alg2ek,1548880356.0,42,False,0,0,0,0,0,0,0,0,0,0,0,0,0,0,0,0,0,0,0,0,0,0,0,0,0,0,0,1
"Oh sorry my bad, didmt know",ed0o4jo,ProfessorBear56,Whatcouldgowrong,t3_abj6an,t1_ed0nz2v,1546360704.0,61,True,0,0,0,0,0,0,0,0,0,0,0,0,0,0,0,0,0,0,0,0,0,0,0,0,0,0,0,0
I would get up and gently wake the guy-he could have broken his jaw-,eeb9om1,BaltSuz,nononono,t3_ah418w,t3_ah418w,1547768561.0,52,False,0,0,0,0,0,0,0,0,0,0,0,0,0,0,0,0,0,0,0,0,0,0,0,0,0,0,0,1
That sucks :( are you guys still in good terms though?,edj78xn,SBJT,LGBTeens,t3_adihda,t1_edj722a,1546916483.0,15,False,0,0,0,1,0,0,0,1,0,0,0,0,0,0,0,0,0,0,0,0,0,0,0,0,0,0,0,0
Reminds me of the old lady in Police Academy 4 shooting the .44 magnum. Damn that was fun!,eepl0w8,ccie_to_be,nonononoyes,t3_aioikz,t3_aioikz,1548183452.0,40,False,0,0,0,0,0,0,0,0,0,0,0,0,0,0,0,0,0,0,0,0,0,0,1,0,0,0,0,0
Get some help dude.,eczj59w,Matt84z,sydney,t3_ab8a15,t1_eczj2ne,1546308084.0,37,False,0,0,0,0,0,1,0,0,0,0,0,0,0,0,0,0,0,0,0,0,0,0,0,0,0,0,0,0
ugh their mind,eexhmin,LoveYoHairHopeYouWin,rpdrcringe,t3_ajpe5q,t3_ajpe5q,1548426900.0,61,False,0,0,0,0,0,0,0,0,0,0,0,0,0,0,0,0,0,0,0,0,0,0,0,0,0,0,0,1
Thought they would be his least favorite band,edaw15x,no_loss_for_words,Jokes,t3_acundr,t3_acundr,1546700239.0,61,False,0,0,0,0,0,0,0,0,0,0,0,0,0,0,0,0,0,0,0,0,0,0,0,0,0,0,0,1
She really tried to make sure it seemed i was at fault too. Now i'm thinking that she just wanted a way out/wanted a scapegoat,ef2bwex,CountCosmology,TrueOffMyChest,t3_ak7v29,t3_ak7v29,1548555689.0,35,False,0,0,0,0,0,0,0,0,0,0,0,0,0,0,0,0,0,0,0,0,0,0,0,0,0,0,0,1
"I'm sorry, do people NOT listen to [NAME] 9th while driving?",ed3ovpu,PreoTheBeast,lewronggeneration,t3_abxj2j,t3_abxj2j,1546462878.0,33,False,0,0,0,0,0,0,0,0,0,0,0,0,0,0,0,1,0,0,0,0,0,0,0,0,0,0,0,0
i'm really disappointed this isn't a real sub because i know there are soo many good notes to go in there,ef81pgd,nikkispinky,KidsAreFuckingStupid,t3_ako1v3,t1_ef6dkf5,1548725624.0,46,False,0,0,0,0,0,0,0,0,0,1,0,0,0,0,0,0,0,0,0,0,0,0,0,0,0,0,0,0
You're ugly,edq7teg,VeoQuePuedesLeerEsto,2meirl4meirl,t3_aelcdr,t1_edq7cvv,1547142819.0,60,False,0,0,0,0,0,0,0,0,0,0,1,0,0,0,0,0,0,0,0,0,0,0,0,0,0,0,0,0
Just think of it as set in an alternate universe where America didnâ€™t just take independence but went back to England and established their own colonies there.,ee09uet,robbedstark,television,t3_afm6sv,t3_afm6sv,1547417169.0,54,False,0,0,0,0,0,0,0,0,0,0,0,0,0,0,0,0,0,0,0,0,0,0,0,0,0,0,0,1
Man I thought [NAME] was going to be the real deal. I wanted [NAME] gone so bad around that time.,ed8ulgq,murph_dawg77,49ers,t3_acenzk,t1_ed8i74f,1546629146.0,6,False,0,0,0,0,0,0,0,0,0,0,0,0,0,0,0,0,0,0,0,0,0,0,0,0,0,0,0,1
There goes my hero....,ef5njw3,madkapart,holdmybeer,t3_akkt2e,t3_akkt2e,1548657488.0,51,False,0,0,0,0,0,0,0,0,0,0,0,0,0,1,0,0,0,0,0,0,0,0,0,0,0,0,0,0
My heart is breaking for you OP... good luck on your job search though!!,ees3js2,montodebon,tifu,t3_aiw62f,t3_aiw62f,1548265468.0,60,False,0,0,0,0,0,1,0,0,0,0,0,0,0,0,0,0,0,0,0,0,0,0,0,0,0,0,0,0
You'd think we don't have anymore tears already... It's been 62 years of crying.,eemfikw,SOMTAWS6,detroitlions,t3_ai21av,t1_eekyl37,1548086126.0,56,False,0,0,0,0,0,0,0,0,0,0,0,0,0,0,0,0,0,0,0,0,0,0,0,0,0,1,0,0
Sounds like a standard room and board agreement. Nothing communist about that at all.,edoqwlj,mdclimber,Anarcho_Capitalism,t3_aeca4s,t1_edoqoee,1547092443.0,4,False,0,0,0,0,1,0,0,0,0,0,0,0,0,0,0,0,0,0,0,0,0,0,0,0,0,0,0,0
"You should be much, much more worried about a rise in fascism than pedophilia. Thinking that pedophilia will be normal is just plain paranoid.",eczq1hv,No_One_On_Earth,rant,t3_abbx8g,t1_eczp1u7,1546315182.0,61,False,0,0,0,0,0,1,0,0,0,0,0,0,0,0,1,0,0,0,0,0,0,0,0,0,0,0,0,0
"Stocks have less market friction...there is also more chaos due to the amount of individuals vying to make money there, compared to here.",edp323f,AtlaStar,CryptoCurrency,t3_aefzjv,t1_edp2ocx,1547105860.0,1,False,0,0,0,0,0,0,1,0,0,0,0,0,0,0,0,0,0,0,0,0,0,0,0,0,0,0,0,0
Hell yeah. Happy they pulled it off together for their city. This is a great story in [NAME] eventual great career,eetlwh1,couchmeister,Padres,t3_aj8dmh,t3_aj8dmh,1548304654.0,16,False,1,0,1,0,0,0,0,0,0,0,0,0,0,0,0,0,0,1,0,0,0,0,0,0,0,0,0,0
Not sad or cringe.,ed7db3d,joemo6671,sadcringe,t3_accyyp,t3_accyyp,1546578859.0,62,False,0,0,0,0,0,0,0,0,0,0,0,0,0,0,0,0,0,0,0,0,0,0,0,0,0,1,0,0
I'm out of my past issues in many ways; thank you for the concern. What is one without their vices,eduj0ei,torstargoldie,juul,t3_aexjkd,t1_eduiq7k,1547247433.0,3,False,0,0,0,0,0,1,0,0,0,0,0,0,0,0,0,1,0,0,0,0,0,0,0,0,0,0,0,0
Lol for the past 2 weeks I wondered if an unpopular opinions thread should go up and I was hesitant for the same reasons. Lol mind reader sis,ef4n85u,gigababejfl,Trufemcels,t3_akgofq,t3_akgofq,1548628630.0,37,False,0,1,0,0,0,0,0,0,0,0,0,0,0,0,0,0,0,0,0,0,0,0,1,0,0,0,0,0
This is the most accurate representation of BO4 I have seen yetðŸ‘ðŸ‘ðŸ‘,ed0xyei,Anubis3622,Blackops4,t3_abjro5,t3_abjro5,1546368239.0,70,False,1,0,0,0,0,0,0,0,0,0,0,0,0,0,0,0,0,0,0,0,0,0,0,0,0,0,0,0
Been their. We got into a huge argument and that caused our first break up. Video games...,ed8lcbr,RipMat,TrueOffMyChest,t3_acfjle,t1_ed7t9bb,1546623202.0,20,False,0,0,0,0,0,0,0,0,0,1,0,0,0,0,0,0,0,0,0,0,0,0,0,0,0,0,0,0
"I would say cmv and unpopular opinions have ended up being troll platforms, regardless of their intentions.",eem8ng7,DazzlerPlus,bestof,t3_ai0ab0,t1_eektx9v,1548080530.0,49,False,0,1,0,0,0,0,0,0,0,0,0,0,0,0,0,0,0,0,0,0,0,0,0,0,0,0,0,0
That explains it. Who was it?,ed9eo5z,SleepTightLilPuppy,lostredditors,t3_acmt65,t1_ed9aj29,1546643569.0,27,False,0,0,0,0,0,0,0,0,0,0,0,0,0,0,0,0,0,0,0,0,0,0,0,0,0,0,0,1
Stop lying to me,ee3o2nn,koonsbmw1,wholesomememes,t3_ag0zoq,t3_ag0zoq,1547529308.0,46,False,0,0,0,1,0,0,0,0,0,0,0,0,0,0,0,0,0,0,0,0,0,0,0,0,0,0,0,0
Now that is an original Idea!!!,ed8u0a9,snatchmachine,detroitlions,t3_ackvdc,t3_ackvdc,1546628761.0,10,False,0,0,0,0,1,0,0,0,0,0,0,0,0,0,0,0,0,0,0,0,0,0,0,0,0,0,0,0
"good start [NAME]. MORE! MORE TRADES! GET WHAT YOU CAN! SELL, SELL, SELL! #BurnItDown #NobodyIsSafe #ShapeUpOrShipOut",eedj8it,LGW91,wildhockey,t3_ahbqv6,t3_ahbqv6,1547837421.0,27,False,1,0,0,0,0,0,0,0,0,0,0,0,0,0,0,0,0,0,0,0,0,0,0,0,0,0,0,0
"seems odd, when you guys consume much more pizza, I would say overall than us",eeomrth,derawin07,vegan,t3_aij1y0,t1_eeom02r,1548155944.0,61,False,0,0,0,0,0,0,0,0,0,0,0,0,0,0,0,0,0,0,0,0,0,0,0,0,0,0,0,1
??? Like a duck on a June bug?,ee6fw3v,thekickastronaut,nba,t3_aggp0i,t1_ee6d5hw,1547619250.0,2,False,0,0,0,0,0,0,0,1,0,0,0,0,0,0,0,0,0,0,0,0,0,0,0,0,0,0,0,0
"Did you really upload a video you took, of your own cat, to whyweretheyfilming? Seriously?",edf0hqf,youngslug,WhyWereTheyFilming,t3_ad70zf,t1_edegv71,1546809510.0,50,False,0,0,0,0,0,0,0,0,0,0,0,0,0,0,0,0,0,0,0,0,0,0,0,0,0,0,0,1
"Hi, yes? Ok, one moment... Hey OP, yesterday called and they want their post back. ",eeppvwy,SwanJumper,Overwatch,t3_aiqlkn,t3_aiqlkn,1548186820.0,37,False,0,0,0,0,0,0,0,0,0,0,0,0,0,0,0,0,0,0,0,0,0,0,0,0,0,0,0,1
Itâ€™s probably warmer in the freezer than it is outside. Oof,efgzw6p,techgeek1129,Target,t3_alk05s,t1_effijvc,1548968921.0,24,False,0,0,0,0,0,0,0,0,0,0,0,0,0,0,0,0,0,0,0,0,0,0,0,0,0,0,0,1
"> weird ass-coments *** ^(Bleep-bloop, I'm a bot. This comment was inspired by )^xkcd#37",ef6ee5j,auto-xkcd37,morbidquestions,t3_akkuqy,t1_ef6edzo,1548688165.0,81,False,0,0,0,0,0,0,0,0,0,0,0,0,0,0,0,0,0,0,0,0,0,0,0,0,0,0,0,1
"Too long, you gotta cut along the top of the cargo pockets.",ef683t4,Jay985,AirForce,t3_akninj,t3_akninj,1548683250.0,49,False,0,0,0,0,0,0,0,0,0,0,1,0,0,0,0,0,0,0,0,0,0,0,0,0,0,0,0,0
I thought it was pretty hype.,eedv7j2,EdgierDoge,danganronpa,t3_ahcl17,t1_eedqldb,1547844621.0,4,False,0,0,0,0,0,0,0,0,0,0,1,0,0,0,0,0,0,0,0,0,0,0,0,0,0,0,0,0
What do you mean?,efa3fiz,CultistHeadpiece,JordanPeterson,t3_al29qb,t1_efa2n19,1548784753.0,30,False,0,0,0,0,0,0,0,0,0,0,0,0,0,0,0,0,0,0,0,0,0,0,0,0,0,0,0,1
"I read this place obsessively and didn't see it, so I'm enjoying it and upvoting it anyway",eetil5z,dtwhitecp,shittyfoodporn,t3_aj1qoo,t1_eerze4q,1548301800.0,73,False,0,0,0,0,0,0,0,0,0,0,0,0,0,0,0,0,0,1,0,0,0,0,0,0,0,0,0,0
missed a good chance to copy the one the UNC football player wrote a few years ago for an A-,eewd2t9,Cherrypoppins6996,barstoolsports,t3_ajbcbe,t1_eeuar62,1548387246.0,61,False,0,0,0,0,0,0,0,0,0,0,0,0,0,0,0,0,0,0,0,0,0,0,1,0,1,0,0,0
Resist it! You can be strong. Block him! Then do something nice for yourself,efb2dh5,ChocoCat1812256,NarcissisticAbuse,t3_al45wi,t3_al45wi,1548804021.0,4,False,0,0,0,0,0,1,0,0,0,0,0,0,0,0,0,0,0,0,0,0,0,0,0,0,0,0,0,0
Horribly fake. People on that thread are stupid and gullible.,edytles,AppalachianMusk,ProtectAndServe,t3_af88a7,t3_af88a7,1547377072.0,15,False,0,0,0,0,0,0,0,0,0,0,1,1,0,0,0,0,0,0,0,0,0,0,0,0,0,0,0,0
It's MLK Day so we're offering our best deals on our Ford F250s!,ef4qit1,PoorDonPeeDonParDon,texas,t3_akd1wu,t1_ef4ojn4,1548631214.0,60,False,0,0,0,0,0,0,0,0,0,0,0,0,0,1,0,0,0,0,0,0,0,0,0,0,0,0,0,0
I can't tell if you're being sarcastic or not. Either way. Lol,eedradw,Shaydog47,WeWantPlates,t3_aha3fv,t1_eedfhnq,1547842414.0,52,False,0,1,0,0,0,0,0,0,0,0,0,0,0,0,0,0,0,0,0,0,0,0,0,0,0,0,0,0
And heâ€™s been with same org with his former teammates before Vegas. That and highly doubt [NAME] would drop a loyal player.,eeoffy5,aodhan567,CoDCompetitive,t3_aijr1e,t1_eeoc7qb,1548143233.0,60,False,0,0,0,0,0,0,0,0,0,0,0,0,0,0,0,0,0,0,0,0,0,0,0,0,0,0,0,1
"Improved by removing the third panel, improved by removing garfield. What can we remove that doesn't improve garfield?",ednj6xo,flait7,gay_irl,t3_ae81cc,t3_ae81cc,1547060031.0,75,False,0,0,0,0,0,0,0,0,0,0,0,0,0,0,0,0,0,0,0,0,0,0,0,0,0,0,0,1
Vote every one of them out that was quoted as being upset about the wire and not the corruption.,eewfzsl,MrBobaFett,chicago,t3_ajhm0q,t3_ajhm0q,1548389766.0,51,False,0,0,0,0,0,0,0,0,0,1,0,0,0,0,0,0,0,0,0,0,0,0,0,0,0,0,0,0
Cause boomers know young people like it and want to generate revenue,edwhsa7,coldwhipzx,WhitePeopleTwitter,t3_af8m4o,t1_edwft7o,1547311869.0,42,False,0,0,0,0,1,0,0,0,0,0,0,0,0,0,0,0,0,0,0,0,1,0,0,0,0,0,0,0
"Yea I spotted it a bit later and decided to just leave it,",eemgk3e,Liquid_Hate_Train,ProRevenge,t3_ai93ye,t1_eemgirg,1548086894.0,50,False,0,0,0,0,0,0,0,0,0,0,0,0,0,0,0,0,0,0,0,0,0,0,0,0,0,0,0,1
I'd be so pissed if that was my lunch,eepmzd8,Fapper_Keeper,WeWantPlates,t3_aimgs4,t3_aimgs4,1548184810.0,61,False,0,0,0,1,0,0,0,0,0,0,0,0,0,0,0,0,0,0,0,0,1,0,0,0,0,0,0,0
"But one-third jokey, one-third pissed and one-third dead serious just doesnt have the same ring does it?",ef07txs,GotSuspendedForLoli,TheWalkingDeadGame,t3_ajwjcg,t1_eezsfl0,1548499981.0,61,False,0,0,0,0,0,0,0,1,0,0,0,0,0,0,0,0,0,0,0,0,0,0,0,0,0,0,0,0
"whats the [NAME] story ? sorry, not up to date on the bloke",edqhnml,tztzki,China,t3_aek7ia,t1_edqctir,1547148005.0,33,False,0,0,0,0,0,0,0,0,0,0,0,0,0,0,0,1,0,0,0,0,0,0,0,0,0,0,0,0
Insurance covers stupid.,edxnb9n,drive2fast,todayilearned,t3_af85qk,t1_edxmftk,1547337535.0,37,False,0,0,1,1,0,0,0,0,0,0,0,0,0,0,0,0,0,0,0,0,0,0,0,0,0,0,0,0
Solid as a rock!,edmd1vo,Rescue_Mouse,90DayFiance,t3_ae1wm1,t1_edm8un0,1547021269.0,78,False,0,0,0,0,0,0,0,0,0,0,0,0,0,0,0,0,0,0,0,0,0,0,0,0,0,0,0,1
"Not really, Iâ€™m not too sure, thanks for asking ",ed06iu3,k0bae,teenagers,t3_abgzvp,t1_ed06gkr,1546336251.0,4,False,0,0,0,0,0,0,1,0,0,0,0,0,0,0,0,1,0,0,0,0,0,0,0,0,0,0,0,0
Anyone have that mirror?,ed5xaym,Iwineveryarguement,NYGiants,t3_ac48nt,t3_ac48nt,1546538644.0,24,False,0,0,0,0,0,0,0,0,0,0,0,0,0,0,0,0,0,0,0,0,0,0,0,0,0,0,0,1
Best of luck. Don't be afraid to come back if you want specific talking points if you get stuck. And take care!,ee54lbj,BlatantNapping,AskFeminists,t3_ag9t9b,t1_ee52kpb,1547581311.0,81,False,0,0,0,0,0,1,0,0,0,0,0,0,0,0,0,0,0,0,0,0,1,0,0,0,0,0,0,0
"I learned a lot from helping my dad work on his car, namely how to stand very still and quiet while someone loses their shit over something.",ee0wkw2,LucienDark,holdmybeer,t3_afl8oj,t1_ee0pu0u,1547435670.0,4,False,0,0,0,0,0,0,0,0,0,0,0,0,0,0,0,0,0,0,0,0,1,0,1,0,0,0,0,0
:((,eerg0xa,badmemss,traaaaaaannnnnnnnnns,t3_aiyhw1,t3_aiyhw1,1548246650.0,60,False,0,0,0,0,0,0,0,0,0,0,0,0,0,0,0,0,0,0,0,0,0,0,0,0,0,0,0,1
Imagine caring about last laugh This post was made by the warlord gang.,ed941jx,Tauren333,forhonor,t3_acluv3,t3_acluv3,1546635605.0,33,False,0,0,0,0,0,0,0,0,0,0,0,0,0,0,0,0,0,0,0,0,0,0,0,0,0,0,0,1
We'll try this... I love you man. Whoever you are I know you're good. Most of us are.,eewqbkj,SWCanon,worldpolitics,t3_ajbsik,t1_eewppxt,1548400406.0,41,False,0,0,0,0,0,1,0,0,0,0,0,0,0,0,0,0,0,0,1,0,0,0,0,0,0,0,0,0
I always thought it was his country could be wrong tho,eergatc,KingAchilles08,Mavericks,t3_aiyzvi,t3_aiyzvi,1548246983.0,26,False,0,0,0,0,0,0,0,0,0,0,1,0,0,0,0,0,0,0,0,0,0,0,0,0,0,0,0,0
"I'm sorry but ""Amish heifer"" took me OUT. ",ef6omhu,norcovixen,IDontWorkHereLady,t3_aj6w9k,t3_aj6w9k,1548694802.0,52,False,0,0,0,0,0,0,0,0,0,0,0,0,0,0,0,0,0,0,0,0,0,0,0,0,1,0,0,0
"Idk, the Teen Mom subs are bad for this too. Really bad. ",ef2kufc,ColesExperience,90dayfianceuncensored,t3_ajxuqf,t1_ef0jcwr,1548562834.0,11,False,0,0,0,0,0,0,0,0,0,1,0,0,0,0,0,0,0,0,0,0,0,0,0,0,0,0,0,0
keep everything well hydrated,edlp14v,UnsuccessfulAtLife,furry_irl,t3_ae1jqv,t3_ae1jqv,1546997244.0,6,False,0,0,0,0,0,0,0,0,0,0,0,0,0,0,0,0,0,0,0,0,0,0,0,0,0,0,0,1
"I thought it may be the industry, but based on other peopleâ€™s answers here, Iâ€™m not so sure :/ ",ef6keez,GoalieGal,london,t3_aknewp,t1_ef6i1wl,1548692197.0,54,False,0,0,0,0,0,0,1,0,0,0,0,0,0,0,0,0,0,0,0,0,0,0,0,0,0,0,0,0
"Ah, good old single level LAX. I barely remember it except traffic was a nightmare.",efgl49z,roamn,LosAngeles,t3_alpo86,t3_alpo86,1548959216.0,4,False,0,0,0,1,0,0,0,0,0,0,0,0,0,0,0,0,0,1,0,0,0,0,0,0,0,0,0,0
"Trust me dude, switch to stick deodorant and cologne.",ee6orxc,sakezaf123,SelfAwarewolves,t3_agczpc,t1_ee6e06r,1547633349.0,65,False,1,0,0,0,0,0,0,0,0,0,0,0,0,0,0,0,0,0,0,0,0,0,0,0,0,0,0,0
Me fail English?! That's unpossible!,eejdc1n,daftvalkyrie,HighQualityGifs,t3_ahxmli,t3_ahxmli,1547997709.0,34,False,0,0,0,1,0,0,0,0,0,0,0,0,0,0,0,0,0,0,0,0,0,0,0,0,0,0,0,0
If they killed off women theyâ€™d start finding reasons to kill eachother off soon enough too.,ef16g6x,okiedokieKay,IncelTears,t3_ajypp7,t3_ajypp7,1548527948.0,35,False,0,0,0,0,0,0,0,0,0,0,0,0,0,0,0,0,0,0,0,0,0,0,0,0,0,0,0,1
I got you.,eepzj8v,jeremy1015,youseeingthisshit,t3_aio54t,t1_eepxjnu,1548193438.0,60,False,0,0,0,0,0,1,0,0,0,0,0,0,0,0,0,0,0,0,0,0,0,0,0,0,0,0,0,0
Motherâ€™s Day is the worst.,ee11h4e,kala1300,raisedbynarcissists,t3_afpjnk,t1_ee0mrma,1547440352.0,62,False,0,0,1,1,0,0,0,0,0,0,0,1,0,0,0,0,0,0,0,0,0,0,0,0,0,0,0,0
This is the kind of crap I'm talking about.,eeqfswk,Kradshaw,uberdrivers,t3_ai1b6v,t3_ai1b6v,1548205315.0,66,False,0,0,0,1,0,0,0,0,0,0,0,0,0,0,0,0,0,0,0,0,0,0,0,0,0,0,0,0
"Yes, I filed for a protective order. Other than that, there is no happy ending with a narc.",ee55eu7,Lalola1970,NarcissisticAbuse,t3_ag9p66,t3_ag9p66,1547581874.0,61,False,0,0,0,0,1,0,0,0,0,0,0,0,0,0,0,0,0,0,0,0,0,0,0,0,0,0,0,0
[NAME] I wish that were me,edd70m5,Lamelayne,traaaaaaannnnnnnnnns,t3_ad1hhf,t3_ad1hhf,1546758906.0,55,False,0,0,0,0,0,0,0,0,1,0,0,0,0,0,0,0,0,0,0,0,0,0,0,0,0,0,0,0
(apparenlty) a lawyer sending incriminating text message to a paralegal. this has to be really bad lawyer...,ef9ih45,Mx-Spoon,bestoflegaladvice,t3_akh17a,t3_akh17a,1548772942.0,61,False,0,0,0,1,0,0,0,0,0,0,0,1,0,0,0,0,0,0,0,0,0,0,0,0,0,0,0,0
Thatâ€™s hilarious until you do this to an iced up meth head and you get stabbed.,ed2bis5,nachojackson,melbourne,t3_aboupg,t1_ed20lwg,1546409516.0,34,False,0,0,0,0,0,1,0,0,0,0,0,0,0,0,0,0,0,0,0,0,0,0,0,0,0,0,0,0
And the super rich are still miserable,ef0ca8q,giantillusion,antinatalism,t3_ajljvp,t1_ef0blpk,1548505298.0,39,False,0,0,0,0,0,0,0,0,0,0,0,0,0,0,0,0,0,0,0,0,0,0,0,0,0,0,0,1
I'm 34 and disappointing my mother is still my greatest fear.,eemgpyf,fatclownbaby,KidsAreFuckingStupid,t3_ai2u9m,t1_eel32rn,1548087007.0,4,False,0,0,0,0,0,0,0,0,0,0,0,0,0,0,0,0,0,0,0,0,0,0,0,0,0,1,0,0
"I'm a Broncos fan. I'll never, ever root for the Chargers, Chiefs or Raiders. Who the fuck would? ",edjqtrh,RJE18,DenverBroncos,t3_adro70,t1_edjon0n,1546934218.0,22,False,0,0,0,0,1,0,0,1,0,0,0,0,0,0,0,0,0,0,0,0,0,0,0,0,0,0,0,0
People who mindlessly defend Turkey and Ergodan are very delusional!,eeol28d,HB-JBF,syriancivilwar,t3_aikgr4,t1_eeoku1t,1548152959.0,56,False,0,0,0,0,0,0,0,0,0,0,0,0,0,0,0,0,0,0,0,0,0,0,0,0,0,1,0,0
Unemployed now re: those crummy health issues. So that probably helped.,ed4xx03,fudgeyboombah,gatekeeping,t3_abzwg8,t1_ed4xued,1546501506.0,33,False,0,0,0,0,0,0,0,0,0,0,0,0,0,0,0,0,0,0,0,0,0,0,0,0,0,0,0,1
This fucken essay,efb8vk2,suckingonabanana,rant,t3_al626m,t1_efb7apa,1548807567.0,40,False,0,0,0,0,0,0,0,0,0,0,0,0,0,0,0,0,0,0,0,0,0,0,0,0,0,0,0,1
"Your desperate attempts to pretend that this is nothing are...really weird, to be totally honest.",ee0nx6a,StandardWriting,CanadaPolitics,t3_aflfjd,t1_ee0i2mz,1547428065.0,72,False,0,0,0,0,1,0,0,0,0,0,0,0,0,0,0,0,0,0,0,0,0,0,0,0,0,0,0,0
"Lol I know, right? It's unsettling how bloodthirsty some people are. ",ed3kmdu,Mikeamellon1015,HadToHurt,t3_abttam,t1_ed3gj71,1546459833.0,16,False,0,1,0,0,0,0,0,0,0,0,0,0,0,0,0,0,0,0,0,0,0,0,0,0,0,0,0,0
Ambien your posts are delightful and I have such a hard core internet stranger crush on you.,ef5haoo,wwtddgeekg,JUSTNOFAMILY,t3_ak7j70,t3_ak7j70,1548651035.0,50,False,1,0,0,0,0,0,0,0,0,0,0,0,0,0,0,0,0,0,0,0,0,0,0,0,0,0,0,0
"[NAME] said that it was recorded the monday after [NAME], that's why his voice is like that.",ed3cz1p,violentmark,heroesofthestorm,t3_abvsxp,t3_abvsxp,1546454246.0,46,False,0,0,0,0,0,0,0,0,0,0,0,0,0,0,0,0,0,0,0,0,0,0,0,0,0,0,0,1
Well that was strangely majestic.,eeor54h,czartreck,holdmybeer,t3_aikd6g,t3_aikd6g,1548161273.0,1,False,1,0,0,0,0,0,0,0,0,0,0,0,0,0,0,0,0,0,1,0,0,0,0,0,0,0,0,0
They did that already,ed9ytvv,dX927,livepd,t3_acn7y5,t1_ed9ysds,1546660762.0,2,False,0,0,0,0,0,0,0,0,0,0,0,0,0,0,0,0,0,0,0,0,0,0,0,0,0,0,0,1
Can we please just call out defense next year the Legion or Doom. The LOD just sounds incredible,ee6o9en,AI-MachineLearning,49ers,t3_agfki5,t3_agfki5,1547632377.0,1,False,0,0,0,0,0,0,0,0,0,0,0,0,0,0,0,0,0,0,0,0,0,0,0,0,0,0,1,0
"thanks man, i'll do one for him surely, im planning to make one for every player in our squad :)",edomnhu,GabWhiteShirt,realmadrid,t3_aedxvd,t1_edokki4,1547089036.0,24,False,0,0,0,0,0,0,0,0,0,0,0,0,0,0,0,1,0,0,0,0,0,0,0,0,0,0,0,0
I pray this changes.,edebasl,stoned-todeth,ProtectAndServe,t3_acn71a,t1_ed9tt6l,1546795647.0,55,False,0,0,0,0,0,0,0,0,1,0,0,0,0,0,0,0,0,0,0,0,0,0,0,0,0,0,0,0
This is a great idea. I'd even figure out where my printer ended up after I moved and set it up for this.,edqhr20,MacDerfus,Browns,t3_aeeih5,t3_aeeih5,1547148052.0,12,False,0,0,0,0,0,0,1,0,0,0,0,0,0,0,0,0,0,0,0,0,0,0,0,0,0,0,0,0
"It was a very faithful remake, though. They just crashed the plane without planning out what to do next.",eebjirw,ivegotapenis,politics,t3_ah2ubt,t1_eeb8ypn,1547776016.0,23,False,0,0,0,0,0,0,0,0,0,0,0,1,0,0,0,0,0,0,0,0,0,0,0,0,0,0,0,0
okay but where to find bara that isnt fetish/sex stuff and is more wholesome and romantic?,ef2mvd2,PassionPitTime,gay_irl,t3_ak5u5t,t1_ef2fw3r,1548564597.0,24,False,0,0,0,0,0,0,0,0,0,0,0,0,0,0,0,0,0,0,0,0,0,0,0,0,0,0,0,1
That proposed sub name took me way too long to figure out .,ed3aiug,chuglife1989,WhyWereTheyFilming,t3_aarkk9,t3_aarkk9,1546452447.0,5,False,0,0,0,0,0,0,0,0,0,1,0,0,0,0,0,0,0,0,0,0,0,0,0,0,0,0,0,0
I once went alert on N1 and killed 3 people.. 2 maf and a doc. Doc got resurrected later thankfully,edsafjm,iHackPlsBan,TownofSalemgame,t3_aer6ky,t3_aer6ky,1547191970.0,76,False,0,0,0,0,0,0,0,0,0,0,0,0,0,0,0,0,0,0,0,0,0,0,1,0,0,0,0,0
Wait one of the posters responding is using makeup from ten years ago.,eddabsv,Susccmmp,muacirclejerk,t3_ad2xiu,t3_ad2xiu,1546762857.0,35,False,0,0,0,0,0,0,0,0,0,0,0,0,0,0,0,0,0,0,0,0,0,0,0,1,0,0,0,0
This says more about what [NAME] thinks about facts than what's true about music.,edgldzg,rauhaal,iamverysmart,t3_ad9gb9,t3_ad9gb9,1546854777.0,51,False,0,0,0,0,0,0,0,0,0,0,0,0,0,0,0,0,0,0,0,0,0,0,0,0,0,0,0,1
"[NAME] speed, and good luck.",ef6xuo8,fitbabits,chelseafc,t3_akoihy,t3_akoihy,1548700352.0,52,False,0,0,0,0,0,0,0,0,0,0,0,0,0,0,0,0,0,0,0,0,1,0,0,0,0,0,0,0
"He won't cost over 100M, hopefully not over 80M either. That's cheap today.",edpw0mt,--Kaiser--,Barca,t3_abivn4,t1_edpr6em,1547136432.0,46,False,0,0,0,0,0,0,0,0,0,0,0,0,0,0,0,0,0,0,0,0,1,0,0,0,0,0,0,0
"Letâ€™s see, this house is designated Zone R3, which allows for cats, dogs, telephone answering monkeys...",ee2o76a,tetsudai,TheSimpsons,t3_afzkt0,t3_afzkt0,1547500555.0,22,False,0,0,0,0,1,0,0,0,0,0,0,0,0,0,0,0,0,0,0,0,0,0,0,0,0,0,0,0
"Make it the same way and tell her you switched it. If she pushes, just tell her not to eat it.",eff3xjh,Wholesome_Douchebag,Tinder,t3_alkwup,t1_efexe4h,1548912702.0,49,False,0,0,0,0,0,0,0,0,0,0,0,0,0,0,0,0,0,0,0,0,0,0,0,0,0,0,0,1
yeah see some of us come from youtube it's a horrible place never go there,edm6o2q,wallefan01,sadcringe,t3_ado07v,t1_edjrg46,1547012571.0,12,False,0,0,0,1,0,0,0,0,0,0,0,0,0,0,0,0,0,0,0,0,0,0,0,0,0,0,0,0
Honestly this type of support sounds very shallow. Itâ€™s not like youâ€™re gonna support women in any way when their babies are born.,eenjgyw,enenamas,Christianity,t3_aigi3e,t3_aigi3e,1548114132.0,61,False,0,0,0,1,0,0,0,0,0,0,1,0,0,0,0,0,0,0,0,0,0,0,0,0,0,0,0,0
Aw itâ€™s the same user who was scared of breast feeding lmao,efd7oxv,Kymiikat,rpdrcringe,t3_alcs3u,t3_alcs3u,1548863779.0,23,False,0,0,0,0,0,0,0,0,0,0,0,0,0,0,0,0,0,1,0,0,0,0,0,0,0,0,0,0
This would be very much appreciated.,ed84nf6,Se7enworlds,Scotland,t3_aceisw,t1_ed7vrac,1546612050.0,46,False,0,0,0,0,0,0,0,0,0,0,0,0,0,0,0,1,0,0,0,0,0,0,0,0,0,0,0,0
Which means it isnt his fault? And the 4th? What the fuck was he supposed to do. stop blaming 1 player.,edye2y8,tbrozovich,penguins,t3_afblsp,t1_edydybj,1547358200.0,16,False,0,0,1,0,0,0,0,0,0,0,0,0,0,0,0,0,0,0,0,0,0,0,0,0,1,0,0,0
But people have jumped from burning planes no parachute no snow on the ground and walled away.,ed9n8n9,Trippy-Skippy,nonononoyes,t3_ackwpa,t1_ed98k56,1546650653.0,26,False,0,0,0,0,0,0,0,0,0,0,0,0,0,0,0,0,0,0,0,0,0,0,0,0,0,0,0,1
Even his practice kick on the ice timeout barely squeaked over from just 43 yards,edfm0ne,PiggNetti,barstoolsports,t3_adbw2v,t3_adbw2v,1546822354.0,6,False,0,0,0,0,0,0,0,0,0,0,0,0,0,0,0,0,0,0,0,0,0,0,0,0,0,0,0,1
wat u fecker,edkxscz,kuddav2,atheism,t3_adxzuu,t3_adxzuu,1546976776.0,24,False,0,0,0,0,0,0,0,0,0,0,0,0,0,0,0,0,0,0,0,0,0,0,0,0,0,0,0,1
"Hell yea brother, Charlotsvile car attacker did nothing wrong Lets see how quick they scream hate speech",edoha39,TokyoVardy7,ShitPoliticsSays,t3_ae5sor,t1_edmkrr0,1547084578.0,23,False,0,0,0,1,0,0,0,0,0,0,0,0,0,0,0,0,0,0,0,0,0,0,0,0,0,0,0,0
"Salt lake, Utah. No joke, Utah has the highest rate of plastic surgery than anywhere else in the US.",eeturc9,ThempleOfThyme,awfuleverything,t3_aj8i6j,t1_eetpk5s,1548314064.0,33,False,0,0,0,0,0,0,0,0,0,0,0,0,0,0,0,0,0,0,0,0,0,0,0,0,0,0,0,1
I don't even know what this is referring to. East Midlands airport? Please post a link.,ef32gux,TheWonderSwan,brexit,t3_ak74ab,t3_ak74ab,1548579438.0,74,False,0,0,0,0,0,0,1,0,0,0,0,0,0,0,0,0,0,0,0,0,0,0,0,0,0,0,0,0
I'm glad that yours is getting slightly better too! Keep on working on it and you'll be a social butterfly someday!,ef49beq,MyNameHeccingBob,socialanxiety,t3_akba6d,t1_ef3t1ty,1548615359.0,42,False,1,0,0,0,0,1,0,0,0,0,0,0,0,0,0,0,0,1,0,0,0,0,0,0,0,0,0,0
Appreciate you keeping to the bet. The other guy hasn't yet. Take care bro.,edheiwb,oldbluebox,Dallas,t3_9xfd7y,t1_edheg88,1546879034.0,22,False,1,0,0,0,1,1,0,0,0,0,0,0,0,0,0,0,0,0,0,0,0,0,0,0,0,0,0,0
"Yeah, and in Brazil we write only in cursive so I don't get those people.",eddkzk4,stayalion,lewronggeneration,t3_ad1mr1,t1_edcrann,1546775102.0,57,False,0,0,0,0,1,0,0,0,0,0,0,0,0,0,0,0,0,0,0,0,0,0,0,0,0,0,0,0
weird. i went 3/3 earlier.,eerag06,someredditgoat,PUBGXboxOne,t3_aiwccw,t1_eeqznlg,1548237898.0,24,False,0,0,0,0,0,0,0,0,0,0,0,0,0,0,0,0,0,0,0,0,0,0,0,0,0,0,0,1
I waited outside tj outside for 10 min and did my whole shopping experience in a wine that started at the beginning of the store,edy00z8,goudarziha,washingtondc,t3_afdr0o,t1_edxwta8,1547345764.0,15,False,0,0,0,0,0,0,0,0,0,0,0,0,0,0,0,0,0,0,0,0,0,0,1,0,0,0,0,0
The weird eyes.,efdtfe5,NorfolkChilliFarm,antiMLM,t3_al1p3a,t1_efa8y4b,1548877278.0,12,False,0,0,0,0,0,0,0,0,0,0,0,0,0,0,0,0,0,0,0,0,0,0,0,0,0,0,0,1
Thanks for defending your tribe.,eer9gap,mrdarrenh,Christianity,t3_aiwv9d,t1_eer8dx7,1548236092.0,49,False,0,0,0,0,0,0,0,0,0,0,0,0,0,0,0,1,0,0,0,0,0,0,0,0,0,0,0,0
I HATE that song...I did not vote for it. A few of my songs I liked went at around 60-70,ef2om5o,snuffedtorch,AFL,t3_ak7b7z,t1_ef2e52j,1548566175.0,55,False,0,0,0,1,0,0,0,0,0,0,0,0,0,0,0,0,0,0,0,0,0,0,0,0,0,0,0,0
"So having a baby you donâ€™t want is [NAME] will, but having a baby you do want is going to put you in hell? ",eermuec,gth746x,TrollXChromosomes,t3_ais9if,t1_eerm3k2,1548253475.0,42,False,0,0,0,0,0,0,0,1,1,0,0,0,0,0,0,0,0,0,0,0,0,0,0,0,0,0,0,0
Am I the only INTP here who cared about deadlines. It's how I got so good at crunch time and working last minute.,edulkmv,playr_4,INTP,t3_aexecv,t3_aexecv,1547249167.0,40,False,0,0,0,0,0,0,0,0,0,0,0,0,0,0,0,0,0,0,0,0,0,0,0,0,0,0,0,1
You missed the chance to title it [NAME] :(,edi1ohm,DrewTay,nonononoyes,t3_adj5vg,t3_adj5vg,1546891386.0,63,False,0,0,0,0,0,0,0,0,0,1,0,0,0,0,0,0,0,0,0,0,0,0,0,0,0,1,0,0
All these threads are being brigaded hard. They're not even trying to hide it.,edg3hb9,memeofconsciousness,houston,t3_adafh7,t1_edfvypw,1546834737.0,61,False,0,0,0,0,0,0,0,0,0,0,0,0,0,0,0,0,0,0,0,0,0,0,0,0,0,0,0,1
Please post any news you may find about her fate. This is so sad and so wrong. We need to know what happens to her.,edg5ose,elisegabriel,TwoXChromosomes,t3_adc1u3,t3_adc1u3,1546836467.0,4,False,0,0,0,0,0,1,0,0,0,0,0,0,0,0,0,0,0,0,0,0,0,0,0,0,0,1,0,0
"Wow, I'm glad he's okay.",ee0baj3,Einahpets-Leinad,JUSTNOMIL,t3_affwor,t3_affwor,1547418222.0,35,False,0,0,0,0,0,0,0,0,0,0,0,0,0,0,0,0,0,1,0,0,0,0,0,0,0,0,0,0
Thank you so much. I will involve my landlord/Roomie,ef3ux0q,MISTRESS2K17,askwomenadvice,t3_ak5rlq,t1_ef3hznv,1548604911.0,2,False,0,0,0,1,0,0,0,0,0,0,0,0,0,0,0,1,0,0,0,0,0,0,0,0,0,0,0,0
This is very temporary. I am using my savings to cover the rest for 1-2 months,edx4rk0,kjjackson96,doordash,t3_af3dpk,t1_edx2wgi,1547325850.0,4,False,0,0,0,0,0,0,0,0,0,0,0,0,0,0,0,0,0,0,0,0,0,0,0,0,0,0,0,1
I can't believe Pandora created scat. An icon.,edv64jl,mahogbody,rpdrcringe,t3_af1a78,t1_eduoprs,1547264761.0,33,False,0,0,0,0,0,0,0,0,0,0,0,0,0,0,0,0,0,0,0,0,0,0,0,0,0,0,0,1
Females living on Recruit difficulty. Smh,efeaux3,crimson123_,sadcringe,t3_albjid,t3_albjid,1548888478.0,12,False,0,0,0,0,0,0,0,0,0,0,0,0,0,0,0,0,0,0,0,0,0,0,0,0,0,1,0,0
Alright leaving town now. Thanks again. Taking my mom sheâ€™s always wanted to go to a game.,edxxsfn,[deleted],EdmontonOilers,t3_af877o,t1_edxwb8e,1547344189.0,4,False,0,0,0,0,1,0,0,0,0,0,0,0,0,0,0,0,0,0,0,0,0,0,0,0,0,0,0,0
I gave him a hug and told him how glad I was that he was okay after the police assault. Heâ€™s amazing!,eezjo56,emanekafasti,sydney,t3_ajws9y,t1_eeziuav,1548474431.0,37,False,1,0,0,0,0,1,0,0,0,0,0,0,0,0,0,0,0,0,0,0,0,0,0,1,0,0,0,0
"Wow either [NAME] misspoke or I didn't hear correctly. I swear he said chainsaw, that is totally different from knife or cooking accident.",eecp1lg,shady67,wildhockey,t3_aha94m,t1_eecope0,1547817917.0,60,False,0,0,0,0,0,0,0,0,0,0,0,0,0,0,0,0,0,0,0,0,0,0,0,0,1,0,0,0
The school should make a list of sexual assaulters. The boys who engage in this should be shamed publicly.,eepw8kg,tigersharkchomp,GenderCritical,t3_aip2yj,t3_aip2yj,1548191169.0,23,False,0,0,0,0,0,0,0,0,0,0,0,0,1,0,0,0,0,0,0,0,0,0,0,0,0,0,0,0
Use a damn rubber,ed6hytw,purposefulincindiary,TwoXChromosomes,t3_ac47xf,t1_ed5xnot,1546552891.0,61,False,0,0,0,1,0,0,0,0,0,0,0,0,0,0,0,0,0,0,0,0,0,0,0,0,0,0,0,0
Yep. Been there. Watching my baby crying while vomiting and her eyes looking at me so hurt was hard.,edb1ams,Packmanjones,nonononoyes,t3_acs7py,t1_eday61a,1546704149.0,23,False,0,0,0,0,0,0,0,0,0,0,0,0,0,0,0,0,0,0,0,0,0,0,0,0,0,1,0,0
"Move on bro. Don't sit around waiting for someone. If it's meant to happen later, it will.",eff5jjz,TheOtherOnes89,dating_advice,t3_alequ5,t1_efehene,1548914366.0,4,False,0,0,0,0,0,1,0,0,0,0,0,0,0,0,0,0,0,0,0,0,1,0,0,0,0,0,0,0
Shiiiiit Iâ€™m about to fuck [NAME].,edlrppk,John52677478,rickandmorty,t3_ae0sts,t1_edllkra,1546999432.0,62,False,0,0,1,0,0,0,0,0,0,0,0,0,0,0,0,0,0,0,0,0,0,0,0,0,0,0,0,0
I kind of think if you spell dissuade diswayd you lose any benefit of the doubt.,ed1asht,LlamasNeverLie,houston,t3_abgknn,t1_ed0mlnm,1546376920.0,60,False,0,0,0,0,0,0,0,0,0,0,1,0,0,0,0,0,0,0,0,0,0,0,0,0,0,0,0,0
"Penis enlargement? Or reduction? If itâ€™s something serious I apologize for the inappropriate comment, and good luck hopefully everything goes smoothly. ",ee78kfk,RichardStroker69,canucks,t3_agm5jj,t1_ee754ef,1547654730.0,34,False,0,0,0,0,0,0,0,0,0,0,0,0,0,0,0,0,0,0,0,0,0,0,0,0,1,0,0,0
"This is pretty misleading. The drop is in comic sales profits for Star Wars and Marvel. They're not failing, they just not as profitable.",edzw5b3,Yunners,saltierthancrait,t3_afjlj8,t3_afjlj8,1547408490.0,81,False,0,0,0,0,0,0,0,0,0,0,0,0,0,0,0,0,0,0,0,0,0,0,0,0,0,0,0,1
"Another church stolen from us. Thatâ€™s okay, we will get it back in the great Deus Vulting. ",ee9vmn5,russiabot1776,Catholicism,t3_agwhif,t3_agwhif,1547735604.0,27,False,0,0,0,0,0,0,0,0,0,1,0,0,0,0,0,0,0,0,0,0,0,0,0,0,0,0,0,0
Such a [NAME] thing to do. Next thing we know he will speculate that [NAME] and [NAME] will sign by February 31st at the latest.,ed5urbf,klove4252,NYYankees,t3_ac7864,t1_ed5rog0,1546536780.0,16,False,0,0,0,0,0,0,0,0,0,0,0,0,0,0,0,0,0,0,0,0,0,0,0,0,0,0,0,1
"This is me today, I have to do a 1-2 MINUTE presentation and Iâ€™m freaking out about it",eexk2dr,CF_Heavy,socialanxiety,t3_ajorfz,t3_ajorfz,1548428295.0,33,False,0,0,0,0,0,0,0,0,0,0,0,0,0,0,0,0,0,0,0,0,0,0,0,0,0,0,0,1
"Damn, chairs can communicate with eachother now? What a time to be alive!",eddwwas,mbz321,ChoosingBeggars,t3_ad3wza,t1_eddnihi,1546786349.0,7,False,0,0,0,0,0,0,0,1,0,0,0,0,0,0,0,0,0,0,0,0,0,0,0,0,0,0,0,0
"Although cool, it is not a bridge, it is road through snow.",ee4jpy1,Koolnu,thalassophobia,t3_ag94vn,t3_ag94vn,1547567378.0,37,False,0,0,0,0,0,0,0,0,0,0,0,0,0,0,0,0,0,0,0,0,0,0,1,0,0,0,0,0
brooks running shoes and you will never have a sore back or feet in your life again,edq5qhn,sonicyouthed,KitchenConfidential,t3_aek25o,t3_aek25o,1547141725.0,21,False,0,0,0,0,0,0,0,0,0,0,0,0,0,0,0,0,0,0,0,0,0,0,0,0,0,0,0,1
"Have fun toasting expired marshmallows in hell, lady-killer POS.",edk510s,salt_shiba,ProtectAndServe,t3_adp35x,t3_adp35x,1546954873.0,33,False,0,0,0,0,0,0,0,0,0,0,0,0,0,0,0,0,0,1,0,0,0,0,0,0,0,0,0,0
"Looks like this one worked out juuuuuuust fine. Happy pizza giving, fellow redditor. ðŸ’œ",eeldeh8,wagon8r,TooAfraidToAsk,t3_ai4n1q,t1_eel23uj,1548041115.0,61,True,0,0,0,0,0,0,0,0,0,0,0,0,0,0,0,0,0,0,0,0,0,0,0,0,0,0,0,0
Wow I got a virus from just looking at this post,ef3ktz6,Feraligatrr,Documentaries,t3_ak5h3x,t3_ak5h3x,1548597981.0,40,False,0,0,0,0,0,0,0,0,0,0,0,0,0,0,0,0,0,0,0,0,0,0,0,0,0,0,1,0
"I'm 6'4"", every [NAME] damn public bathroom wall is too short for my taste.",eed3m4g,DesperateForADwarf,tifu,t3_ah5m9a,t1_eecanw4,1547827520.0,24,False,0,0,0,0,0,0,0,0,0,0,0,0,0,0,0,0,0,0,0,0,0,0,0,0,0,0,0,1
I think that was itch.io. GOG apparently doesn't even allow 18+ games on their platform.,efbuvms,__some__guy,pcgaming,t3_akz16e,t1_efaknc4,1548822311.0,24,False,0,0,0,0,0,0,0,0,0,0,0,0,0,0,0,0,0,0,0,0,0,0,0,0,0,0,0,1
please donâ€™t make me have to bring up fire emblem in trader joeâ€™s again i can never go back,ef0rxt3,RisingSunfish,fireemblem,t3_ak1x2p,t3_ak1x2p,1548518414.0,22,False,0,0,0,0,0,0,0,0,0,1,0,0,0,0,0,0,0,0,0,0,0,0,0,0,0,0,0,0
Iâ€™d rather give up masturbation. No time for it anyway when I work.,edhnl03,GeronimoYOLO,WouldYouRather,t3_adim2g,t3_adim2g,1546883926.0,24,False,0,0,0,0,0,0,0,0,0,0,0,0,0,0,0,0,0,0,0,0,0,0,0,0,0,0,0,1
My [NAME] is pretty cool too,eevv3f4,unidentifiable_kaiju,Target,t3_ajfo9v,t3_ajfo9v,1548373337.0,81,False,1,0,0,0,0,0,0,0,0,0,0,0,0,0,0,0,0,0,0,0,0,0,0,0,0,0,0,0
I brought my love a cherrrryyyyy....,edrbymf,jam_rok,OutOfTheLoop,t3_aejnhq,t3_aejnhq,1547164615.0,61,True,0,0,0,0,0,0,0,0,0,0,0,0,0,0,0,0,0,0,0,0,0,0,0,0,0,0,0,0
Almost forgot to check if itâ€™s dead. Edit : NOPE!,edpsphr,blewoutmyshorts,ethtrader,t3_aeg7fs,t1_edpqgfm,1547134410.0,6,False,0,0,0,0,0,0,0,0,0,0,0,0,0,0,0,0,0,0,0,0,0,0,0,0,0,0,0,1
Not the mud bees!,ee9h0mr,JackOfAllMemes,nonononoyes,t3_agt99m,t1_ee8wtdk,1547717981.0,40,False,0,0,0,0,0,0,0,0,0,0,0,0,0,0,0,0,0,0,0,0,0,0,0,0,0,0,0,1
"Who said anyone was white or black? Forget it, trumpie. You clowns donâ€™t care about the truth. ",efesjtj,VegaThePunisher,worldpolitics,t3_aldzh1,t1_efes4pm,1548902304.0,4,False,0,0,0,1,0,0,1,0,0,0,0,0,0,0,0,0,0,0,0,0,0,0,0,0,0,0,0,0
"Look, its a great study, but youve said ""Women arent as disadvantaged"" on the internet. Rip your karma.",edkbutu,Lord_Derpenheim,canada,t3_adv47d,t3_adv47d,1546960929.0,2,False,1,0,0,1,0,0,0,0,0,0,0,0,0,0,0,0,0,0,0,0,0,0,0,0,0,0,0,0
Confused and triggered,eec8c20,InfrequentBlackshirt,rickandmorty,t3_ah7y80,t3_ah7y80,1547798846.0,16,False,0,0,0,0,0,0,1,0,0,0,0,0,0,0,0,0,0,0,0,0,0,0,0,0,0,0,0,0
Sometimes you gotta agree with the terrible Facebook memes.,ed4wiuw,WysperAA,terriblefacebookmemes,t3_ac1dwz,t3_ac1dwz,1546499449.0,27,False,0,0,0,0,1,0,0,0,0,0,0,0,0,0,0,0,0,0,0,0,0,0,0,0,0,0,0,0
"Hey bud, Iâ€™d honestly try to complain a little less and I promise youâ€™ll slowly become a happier person",edoh5wd,tommyhawk,Austin,t3_aecx3x,t3_aecx3x,1547084483.0,26,False,0,0,0,0,0,0,0,0,0,0,0,0,0,0,0,0,0,0,0,0,1,0,0,0,0,0,0,0
We don't deserve them but I'm so grateful they're here ðŸ™,ef59bfq,Damnitsomuch,AnimalsBeingBros,t3_aki2r7,t3_aki2r7,1548644814.0,41,False,0,0,0,0,0,0,0,0,0,0,1,0,0,0,0,0,0,0,0,0,0,0,0,0,0,0,0,0
You are not intereating. You are an annoying cunt who should have never been concieved.,eeefkj5,5w4mpm0nkey,confessions,t3_ahe0hg,t1_eedq1vs,1547858578.0,67,False,0,0,0,1,0,0,0,0,0,0,0,0,0,0,0,0,0,0,0,0,0,0,0,0,0,0,0,0
"Yup I picked $30,000 just because. ",ed6luim,rationalredneck1987,alberta,t3_ac8238,t1_ed6ln7f,1546555706.0,55,False,0,0,0,0,0,0,0,0,0,0,0,0,0,0,0,0,0,0,0,0,0,0,0,0,0,0,0,1
Pretty and sweet? BURN HER ALIVE!! Nothing can detract from their beliefs!,ed3ppkd,UnwantedCupcake,IncelTears,t3_abxfrd,t1_ed3pfcr,1546463472.0,51,False,1,0,0,0,0,0,0,0,0,0,0,0,0,0,0,0,0,0,0,0,1,0,0,0,0,0,0,0
"you forgot miracle, fake fan",eeqzfu4,BigMamaGodess,iamverysmart,t3_aiu0ed,t1_eeqftw1,1548221787.0,36,False,0,0,0,1,0,0,0,0,0,0,0,0,0,0,0,0,0,0,0,0,0,0,0,0,0,0,0,0
Can't believe me and my family were gonna leave five minutes early to beat the traffic. Honestly the best game I've ever seen live,effplzu,lazy_gravy,nrl,t3_aljwfr,t3_aljwfr,1548939522.0,21,False,0,0,0,0,0,0,0,0,0,0,0,0,0,1,0,0,0,0,0,0,0,0,0,0,0,0,0,0
"I've never heard of them until now, maybe that's why? ",eeoe6z5,sadsaintpablo,CryptoCurrency,t3_aij634,t3_aij634,1548141421.0,34,False,0,0,0,0,0,0,0,1,0,0,0,0,0,0,0,0,0,0,0,0,0,0,0,0,0,0,0,0
Thank you!!!,edy3ih4,ValerieFM,nashville,t3_afb7k3,t1_edy2ide,1547348521.0,2,False,0,0,0,0,0,0,0,0,0,0,0,0,0,0,0,1,0,0,0,0,0,0,0,0,0,0,0,0
"I hope she lives to be 200, just to piss them off.",ef9l4de,GazzP,TopMindsOfReddit,t3_al08xj,t1_ef9h8nv,1548774580.0,13,True,0,0,0,0,0,0,0,0,0,0,0,0,0,0,0,0,0,0,0,0,0,0,0,0,0,0,0,0
That's hilarious.,eesryti,FantasyFunForever,brisbane,t3_aixxw2,t1_eeskhl2,1548281781.0,40,False,0,1,0,0,0,0,0,0,0,0,0,0,0,0,0,0,0,0,0,0,0,0,0,0,0,0,0,0
"Oh wow, this is the first I've heard of her aligning with those people. ",eed51wg,Huz647,islam,t3_ah40dq,t1_eecb14t,1547828385.0,52,False,0,0,0,0,0,0,0,0,0,0,0,0,0,0,0,0,0,0,0,0,0,0,1,0,0,0,0,0
Shout out to the clowns of r/hockey for voting [NAME] and [NAME] two of the most disappointing rookies two short years,edwpp5e,Haringoth,winnipegjets,t3_af59wu,t3_af59wu,1547316433.0,4,False,0,0,0,0,0,0,0,0,0,0,0,0,0,0,0,0,0,0,0,0,0,0,0,0,0,0,0,1
Those boots look very warm but I can't imagine wearing them inside. She does look cool though,ef1d4i1,Lord_Bigglesby,forwardsfromgrandma,t3_ajy301,t3_ajy301,1548532056.0,24,False,0,0,0,0,0,0,0,0,0,0,0,0,0,0,0,0,0,0,0,0,0,0,0,0,0,0,0,1
I think the teacher was right though. Money would make a terrible aggregate.,eev3xqs,[deleted],thatHappened,t3_aj71jw,t3_aj71jw,1548355992.0,35,False,0,0,0,0,0,0,0,0,0,0,0,0,0,0,0,0,0,0,0,0,0,0,1,0,0,0,0,0
"[NAME] should have done a diss song called ""Cammy""",edziavw,yeezyforpresident,popheads,t3_afh5q7,t3_afh5q7,1547399899.0,81,False,0,0,0,0,0,0,0,0,0,0,0,0,0,0,0,0,0,0,0,0,0,0,0,0,0,0,0,1
"Oh no, [NAME] baby! WHAT is you doing?",eeox9gb,SirChasm,onguardforthee,t3_aih7g2,t3_aih7g2,1548166663.0,5,False,0,0,0,0,0,0,0,0,0,0,0,0,0,0,0,0,0,0,0,0,0,0,0,0,0,0,1,0
i swear on ford that the crack squad thats about to break into your house and gas you with [NAME] will make you think correctly,efcvaf3,totalawedude,im14andthisisdeep,t3_al4bta,t1_efbyujy,1548856509.0,35,False,0,0,0,0,0,0,0,0,0,0,0,0,0,0,0,0,0,0,0,0,0,0,0,0,0,0,0,1
srs thatâ€™s a cute sweater n all but i wish the pic was closer to her makeup,eenxglo,LanaDeliTray,muacirclejerk,t3_aihzy1,t1_eenvjtz,1548125046.0,37,False,1,0,0,0,0,0,0,0,1,0,0,0,0,0,0,0,0,0,0,0,0,0,0,0,0,0,0,0
"Just rumors online, it most likely won't happen",efdvxbg,shadow_spinner0,SquaredCircle,t3_al87uo,t1_efdsuvl,1548878842.0,37,False,0,0,0,0,0,0,0,0,0,0,0,0,0,0,0,0,0,0,0,0,1,0,0,0,0,0,0,0
is it big market privilege? Cause the braves got fucked for similar crimes.,efalb0o,MLGcat282,Dodgers,t3_al3vq9,t3_al3vq9,1548794086.0,4,False,0,0,1,0,0,0,1,0,0,0,0,0,0,0,0,0,0,0,0,0,0,0,0,0,0,0,0,0
This is the beginning of a comeback for the ages.,ee1cohh,blackb0xes,tennis,t3_afl4j4,t3_afl4j4,1547455630.0,28,False,0,0,0,0,0,0,0,0,0,0,0,0,0,0,0,0,0,0,0,0,0,0,0,0,0,0,0,1
This entertained me far more than it should have. If I had gold to give...,efepiyx,GetOffMyCouch13,WhyWereTheyFilming,t3_albpf8,t3_albpf8,1548899792.0,67,False,0,0,0,0,0,0,0,0,0,0,0,0,0,0,0,0,0,0,0,0,0,0,0,0,0,0,1,0
Iâ€™m tired of these stupid posts. Stop trying to become a meme. Youâ€™re ruining this sub!,eeqawmi,lead-based-life,teenagers,t3_ais3n1,t3_ais3n1,1548201686.0,73,False,0,0,1,0,0,0,0,0,0,0,0,0,0,0,0,0,0,0,0,0,0,0,0,0,0,0,0,0
OHH this is what Reddit finds ridiculous about this situation.,eeyqpqi,3yearstraveling,facepalm,t3_ajo0uj,t3_ajo0uj,1548452925.0,70,False,0,0,1,1,0,0,0,0,0,0,0,0,0,0,0,0,0,0,0,0,0,0,0,0,0,0,0,0
Ah the city of brotherly love <3,ed3gg6u,AnimNations,The_Mueller,t3_abtst2,t3_abtst2,1546456774.0,77,False,0,0,0,0,0,0,0,0,0,0,0,0,0,0,0,0,0,0,1,0,0,0,0,0,0,0,0,0
"Out of curiosity, why are you specifically interested in talking to aspies? ",efdwgq8,OtHanski,aspergers,t3_albxrm,t3_albxrm,1548879187.0,61,False,0,0,0,1,0,0,0,1,0,0,0,0,0,0,0,0,0,0,0,0,0,0,0,0,0,0,0,0
They aren't short either though. There's no hot 5'4 guy in hollywood that most women would swoon for.,ef8m0ch,cycloneboi,askwomenadvice,t3_akwwn6,t1_ef8lstp,1548740679.0,21,False,0,0,0,1,0,0,0,0,0,0,0,0,0,0,0,0,0,0,0,0,0,0,0,0,0,0,0,0
I saw the first 10 seconds and I feel like I understand,eemq9ht,LehmanToast,youtubehaiku,t3_ahvxvw,t1_eemc5i6,1548093643.0,16,False,0,0,0,0,0,0,0,0,0,0,0,0,0,0,0,0,0,0,0,0,0,0,0,0,0,0,0,1
TIL when your fiancee steals 500 from you to buy products that harm you physically by being in the home due to allergic reaction you're controlling her.,eeascnr,[deleted],antiMLM,t3_agrha2,t1_eeal4mh,1547757005.0,12,False,0,0,0,0,1,0,0,0,0,0,0,0,0,0,0,0,0,0,0,0,0,0,0,0,0,0,0,0
I live there currently! My MIL claims she went to high school with coach [NAME] if that gives a good hint,eez685u,DuckieIsMyHero88,TalesFromRetail,t3_aipr8i,t1_eewj592,1548463554.0,33,False,0,0,0,0,0,0,0,0,0,0,0,0,0,0,0,0,0,0,0,0,0,0,0,0,0,0,0,1
always the people I hate and never my crush,ed7bnss,unethical_water,meirl,t3_ac6k4e,t3_ac6k4e,1546577364.0,35,False,0,0,0,0,0,0,0,0,0,0,0,0,0,0,0,0,0,0,0,0,0,0,0,0,0,0,0,1
The original Halloween movie is still the scariest film I have ever seen. Being chased by [NAME] in this game is terrifying.,ed37yew,PhReAkOuTz,deadbydaylight,t3_abow0g,t1_ed1zyji,1546450557.0,16,False,0,0,0,1,0,0,0,0,0,0,0,0,0,0,1,0,0,0,0,0,0,0,0,0,0,0,0,0
both are bad tho anarchy ftw,ee6roz3,Wiggyam,ENLIGHTENEDCENTRISM,t3_agi0oy,t3_agi0oy,1547638518.0,36,False,0,0,0,0,0,0,0,0,0,0,1,0,0,0,0,0,0,0,0,0,0,0,0,0,0,0,0,0
My [NAME] He is a BEAST. Every possession he makes someone his bitch. Are there any injury concerns past the injury he got before he left the team?,ed3srly,tgdilcstb,49ers,t3_abxyco,t1_ed3rclq,1546465457.0,19,False,1,0,0,0,1,0,0,0,0,0,0,0,0,0,0,0,0,0,1,0,0,0,0,0,0,0,0,0
I'd love it if we could just put everyone into work camps as soon as they turn 12. Property come would be a thing of the past!,efekai7,Rock_N_Rye,SeattleWA,t3_alenf5,t1_efearup,1548895685.0,62,False,0,0,0,0,1,0,0,0,0,0,0,0,0,0,0,0,0,0,0,0,1,0,0,0,0,0,0,0
So heâ€™s gonna swear at you in Klingon?,ee9xk8z,LionsDragon,ProtectAndServe,t3_agxi3q,t3_agxi3q,1547737107.0,25,False,0,0,0,0,0,0,0,0,0,0,0,0,0,0,0,0,0,0,0,0,0,0,0,0,0,0,0,1
"Not too much, Iâ€™m talking to a girl right now thatâ€™s 5 years younger than me lol.",ed5h2x4,[deleted],dating,t3_abqskk,t3_abqskk,1546526382.0,81,False,0,0,0,0,0,0,0,0,0,0,0,0,0,0,0,0,0,0,0,0,0,0,0,0,0,0,0,1
"Oh right. I can probably google it. Iâ€™m sure itâ€™s in horrible taste, but Iâ€™m like dying to know now",efgayen,LazerHef,Jokes,t3_alnzd8,t1_efg9s7m,1548952647.0,28,False,0,0,0,0,0,0,0,1,0,0,0,0,0,0,0,0,0,0,0,0,0,0,0,0,0,0,0,0
Makes me want to break out my 'learn to use my SLR properly' resolution again.. more time commitment tbh. Great shot.,ef4hcsg,drunk_horses,newzealand,t3_akf0t0,t1_ef4gbsi,1548623596.0,18,False,1,0,0,0,0,0,0,0,0,0,0,0,0,0,0,0,0,0,0,0,0,0,0,0,0,0,0,0
Oh I'm sure you're fun at parties,eedpxzt,EnoughFuture8,AskFeminists,t3_ahbkkf,t1_eedpcq5,1547841563.0,15,False,0,0,0,0,0,0,0,0,0,0,0,0,0,0,0,0,0,0,0,0,0,0,1,0,0,0,0,0
ROFL! Just about! Didnâ€™t know someoneâ€™s eyes could bug out of their head like that outside of cartoons. ;-),ef2cxho,goddessofmath,NarcissisticAbuse,t3_ak3hj6,t1_ef27sgq,1548556462.0,39,False,0,1,0,0,0,0,0,0,0,0,0,0,0,0,0,0,0,1,0,0,0,0,0,0,0,0,0,0
Welp these were my happy tears of the days. :â€™),edfdns5,Warm_metal_revival,IDontWorkHereLady,t3_ad57oo,t3_ad57oo,1546816803.0,26,False,0,0,0,0,0,0,0,0,0,0,0,0,0,0,0,0,0,1,0,0,0,0,0,0,0,0,0,0